협업ID,인플루언서명,플랫폼,팔로워수,등급,콘텐츠유형,게시일,노출수,좋아요,댓글수,저장수,공유수,링크클릭,전환수,비용,매출기여,카테고리,브랜드
INF-2602-043,캐주얼킹 도윤,틱톡,745830,매크로,쇼츠,2026-02-24,386494,12217,1585,2053,904,7929,213,5726416,13986645,가방,무신사
INF-2602-407,나노_100,인스타그램,7786,나노,릴스,2026-02-14,3140,278,27,76,22,69,10,206745,1442530,스니커즈,무신사
INF-2602-310,나노_003,유튜브,2310,나노,라이브,2026-02-03,1693,175,24,46,12,36,4,65912,657356,셔츠/블라우스,무신사
INF-2602-271,마이크로_128,인스타그램,12942,마이크로,피드,2026-02-24,17352,754,100,298,52,616,43,1288625,6533936,부츠,29CM
INF-2602-339,나노_032,유튜브,2784,나노,쇼츠,2026-02-25,3080,343,40,135,23,77,8,92293,1367088,스니커즈,29CM
INF-2602-223,마이크로_098,틱톡,83591,마이크로,쇼츠,2026-02-22,93363,6121,707,1833,263,2377,197,970219,17656913,뷰티,무신사
INF-2602-001,스타일킹 지호,인스타그램,1466956,메가,라이브,2026-02-20,833015,13389,1575,3727,459,7679,63,23217207,3737664,아우터,무신사
INF-2602-369,나노_062,틱톡,8803,나노,쇼츠,2026-02-04,8266,1082,130,378,40,381,27,291817,4153329,뷰티,29CM
INF-2602-005,스타일킹 지호,인스타그램,1466956,메가,쇼츠,2026-02-09,808891,5932,852,2451,358,5428,83,26920906,4623764,뷰티,29CM
INF-2602-334,나노_027,인스타그램,2854,나노,릴스,2026-02-09,3919,376,33,109,11,131,18,295849,2186406,부츠,29CM
INF-2602-231,마이크로_102,인스타그램,57087,마이크로,피드,2026-02-23,62473,3688,191,877,187,1530,142,400580,20899560,아우터,무신사
INF-2602-193,마이크로_077,인스타그램,96827,마이크로,라이브,2026-02-04,127917,5835,521,1554,270,3366,249,847337,27780681,니트/스웨터,무신사
INF-2602-085,마이크로_007,유튜브,12456,마이크로,쇼츠,2026-02-14,12342,868,104,286,31,191,15,956535,2490270,데님,29CM
INF-2602-306,마이크로_150,틱톡,67344,마이크로,쇼츠,2026-02-15,35539,1753,148,432,76,1271,145,1327797,22863890,스니커즈,무신사
INF-2602-241,마이크로_108,유튜브,41574,마이크로,라이브,2026-02-12,17592,1046,110,104,36,529,51,337264,6371124,아우터,무신사
INF-2602-261,마이크로_123,유튜브,53365,마이크로,피드,2026-02-12,22416,824,115,134,43,681,53,791851,8563104,부츠,무신사
INF-2602-219,마이크로_095,인스타그램,99282,마이크로,릴스,2026-02-13,100558,3604,493,1409,171,1919,218,1325060,21112646,아우터,29CM
INF-2602-116,마이크로_028,인스타그램,68929,마이크로,릴스,2026-02-02,59291,3401,339,721,168,1567,116,1379456,18729360,스니커즈,29CM
INF-2602-210,마이크로_089,틱톡,84943,마이크로,라이브,2026-02-15,73487,4643,355,1908,229,1783,147,1133549,16089885,액세서리,29CM
INF-2602-006,패션유니버스,유튜브,3871480,메가,라이브,2026-02-21,2225550,30269,2468,4647,1227,32112,538,16876966,35304636,액세서리,무신사
INF-2602-034,OOTD 민재,틱톡,2984686,메가,라이브,2026-02-14,2040485,23693,1512,6237,1532,24616,212,26269173,15202944,아우터,29CM
INF-2602-144,마이크로_046,인스타그램,71080,마이크로,라이브,2026-02-19,86287,5168,363,1512,166,3158,329,1284592,28664125,라이프스타일,29CM
INF-2602-101,마이크로_018,틱톡,43246,마이크로,라이브,2026-02-23,30867,1326,149,606,88,719,45,441682,7045515,액세서리,29CM
INF-2602-202,마이크로_083,틱톡,57026,마이크로,쇼츠,2026-02-19,18471,947,78,211,66,434,30,758875,3822390,니트/스웨터,무신사
INF-2602-190,마이크로_074,인스타그램,58354,마이크로,피드,2026-02-01,69294,2676,232,787,213,2383,247,937344,38689586,가방,무신사
INF-2602-346,나노_039,유튜브,1510,나노,라이브,2026-02-03,1421,135,14,18,4,61,5,214236,681110,액세서리,무신사
INF-2602-159,마이크로_056,틱톡,52030,마이크로,쇼츠,2026-02-27,28083,1929,131,880,60,931,108,1482480,12147732,가방,29CM
INF-2602-045,코디장인 유나,틱톡,546173,매크로,쇼츠,2026-02-24,624508,20926,1572,2597,829,7365,245,5951200,28162750,액세서리,무신사
INF-2602-221,마이크로_097,틱톡,43081,마이크로,쇼츠,2026-02-01,49770,4416,342,2217,320,1317,96,940595,11961792,뷰티,29CM
INF-2602-289,마이크로_138,유튜브,34105,마이크로,라이브,2026-02-09,16200,1232,80,577,47,445,53,711174,8885980,뷰티,29CM
INF-2602-385,나노_078,인스타그램,4860,나노,릴스,2026-02-07,7154,409,55,217,22,242,29,188988,3546033,데님,29CM
INF-2602-370,나노_063,유튜브,6797,나노,라이브,2026-02-22,9040,722,55,86,45,286,37,220935,4687604,니트/스웨터,무신사
INF-2602-316,나노_009,틱톡,2562,나노,쇼츠,2026-02-21,3015,347,20,38,23,91,12,59796,1795128,가방,무신사
INF-2602-265,마이크로_125,유튜브,27548,마이크로,쇼츠,2026-02-06,21381,1092,126,294,76,648,45,489905,6857460,라이프스타일,무신사
INF-2602-348,나노_041,유튜브,6572,나노,라이브,2026-02-23,4419,382,48,45,30,156,23,187265,2803562,뷰티,무신사
INF-2602-153,마이크로_051,유튜브,19963,마이크로,피드,2026-02-19,29199,1524,172,703,80,604,56,1131946,7515592,가방,29CM
INF-2602-254,마이크로_117,틱톡,83575,마이크로,쇼츠,2026-02-21,76652,6448,636,1027,403,1763,114,1086344,11123778,데님,무신사
INF-2602-170,마이크로_063,틱톡,39470,마이크로,쇼츠,2026-02-14,38632,2307,229,466,135,838,77,1259072,10247545,데님,무신사
INF-2602-161,마이크로_057,틱톡,28242,마이크로,라이브,2026-02-04,28597,2516,153,676,159,547,52,1425973,8258744,아우터,29CM
INF-2602-163,마이크로_059,인스타그램,64522,마이크로,릴스,2026-02-10,46326,1531,196,561,72,807,83,597114,11977149,아우터,29CM
INF-2602-212,마이크로_090,유튜브,39654,마이크로,라이브,2026-02-06,39148,2101,167,375,152,621,58,1295778,8858920,니트/스웨터,무신사
INF-2602-240,마이크로_108,유튜브,41574,마이크로,라이브,2026-02-04,37762,2716,238,1287,92,985,92,405593,8881312,액세서리,29CM
INF-2602-124,마이크로_033,유튜브,39473,마이크로,라이브,2026-02-25,44536,2768,271,1056,212,1471,113,734693,18098758,니트/스웨터,29CM
INF-2602-230,마이크로_102,인스타그램,57087,마이크로,스토리,2026-02-25,18436,618,91,156,19,509,34,1145973,3056498,뷰티,29CM
INF-2602-147,마이크로_047,인스타그램,32185,마이크로,릴스,2026-02-18,10008,329,28,73,20,304,27,616732,4021488,뷰티,무신사
INF-2602-054,클린핏 소율,유튜브,592841,매크로,쇼츠,2026-02-11,654591,18572,1541,4433,824,15826,638,5693231,64470538,스니커즈,무신사
INF-2602-199,마이크로_082,유튜브,81371,마이크로,라이브,2026-02-25,73467,3144,213,925,128,2747,293,1486256,27154947,라이프스타일,29CM
INF-2602-021,트렌드퀸 소연,유튜브,4013222,메가,라이브,2026-02-09,2477599,48338,6005,11404,2131,17606,201,19506062,18101055,아우터,29CM
INF-2602-168,마이크로_061,유튜브,56135,마이크로,피드,2026-02-02,49623,2316,328,1191,89,951,73,689553,7995179,부츠,29CM
INF-2602-234,마이크로_104,틱톡,85255,마이크로,쇼츠,2026-02-27,105326,5964,729,3015,371,2782,330,488917,39474270,니트/스웨터,29CM
INF-2602-356,나노_049,틱톡,3835,나노,쇼츠,2026-02-20,5434,638,62,250,33,199,27,243820,3188457,데님,29CM
INF-2602-309,나노_002,인스타그램,4310,나노,릴스,2026-02-07,1457,117,10,23,7,54,3,75887,371790,액세서리,무신사
INF-2602-286,마이크로_137,인스타그램,62150,마이크로,릴스,2026-02-23,22683,1534,150,574,84,563,56,568951,6043016,뷰티,29CM
INF-2602-380,나노_073,인스타그램,4817,나노,스토리,2026-02-27,4271,180,25,40,7,168,11,87117,1957164,데님,무신사
INF-2602-302,마이크로_148,틱톡,22315,마이크로,라이브,2026-02-21,19355,1546,125,254,95,310,36,737145,5518008,스니커즈,무신사
INF-2602-057,어반스타일 시우,유튜브,402020,매크로,라이브,2026-02-25,261407,7533,689,1480,403,4405,104,9011304,8059064,가방,무신사
INF-2602-324,나노_017,유튜브,4787,나노,쇼츠,2026-02-17,2008,147,20,30,5,70,7,236040,1318688,스니커즈,무신사
INF-2602-377,나노_070,유튜브,6880,나노,피드,2026-02-02,2519,261,29,45,18,76,10,155018,1330050,가방,무신사
INF-2602-106,마이크로_021,틱톡,28714,마이크로,라이브,2026-02-25,9813,638,81,198,31,286,27,1218915,3887244,데님,29CM
INF-2602-381,나노_074,틱톡,8474,나노,쇼츠,2026-02-22,3192,267,16,104,16,69,5,204938,696080,라이프스타일,29CM
INF-2602-107,마이크로_022,유튜브,79397,마이크로,피드,2026-02-10,47601,1937,239,696,95,1382,104,884454,12388064,액세서리,29CM
INF-2602-128,마이크로_035,인스타그램,95267,마이크로,라이브,2026-02-20,142577,9530,948,4928,744,5439,612,376210,52762968,데님,29CM
INF-2602-357,나노_050,유튜브,7208,나노,피드,2026-02-10,2694,189,12,40,12,119,15,223058,2724345,가방,무신사
INF-2602-088,마이크로_009,유튜브,92210,마이크로,라이브,2026-02-03,79550,3017,391,658,143,1340,117,443206,10521693,데님,무신사
INF-2602-069,시크바이브 하린,유튜브,926918,매크로,라이브,2026-02-01,572233,16130,1401,4029,695,8992,323,3116758,28858112,라이프스타일,무신사
INF-2602-222,마이크로_098,틱톡,83591,마이크로,쇼츠,2026-02-02,55017,3416,192,1016,211,2010,152,892816,18872776,라이프스타일,무신사
INF-2602-123,마이크로_032,유튜브,29848,마이크로,쇼츠,2026-02-09,41624,2767,236,1265,182,1293,131,1263984,21610153,뷰티,29CM
INF-2602-395,나노_088,틱톡,9433,나노,라이브,2026-02-08,4085,354,39,61,13,150,11,63516,2067714,뷰티,무신사
INF-2602-382,나노_075,인스타그램,9943,나노,쇼츠,2026-02-08,5527,315,21,35,13,236,19,257906,2726253,라이프스타일,무신사
INF-2602-262,마이크로_123,유튜브,53365,마이크로,라이브,2026-02-12,16318,1049,75,468,54,587,39,653662,5009862,스니커즈,29CM
INF-2602-257,마이크로_120,인스타그램,86756,마이크로,릴스,2026-02-16,63265,3763,297,1605,227,1394,161,452231,21733712,니트/스웨터,29CM
INF-2602-082,마이크로_005,유튜브,50499,마이크로,라이브,2026-02-20,62225,2897,169,576,109,1894,190,980280,22926350,액세서리,29CM
INF-2602-039,스트릿바이브,틱톡,720644,매크로,라이브,2026-02-04,795122,23535,1689,5645,1608,9952,350,6972518,39905600,라이프스타일,무신사
INF-2602-020,트렌드퀸 소연,유튜브,4013222,메가,라이브,2026-02-22,5446090,56330,4898,7410,4038,65545,925,26710793,81268650,데님,무신사
INF-2602-333,나노_026,유튜브,4110,나노,쇼츠,2026-02-24,2735,225,21,73,13,59,6,281839,681858,뷰티,29CM
INF-2602-208,마이크로_088,틱톡,66534,마이크로,쇼츠,2026-02-04,32503,1353,95,334,87,1074,111,1210584,13294248,아우터,29CM
INF-2602-023,옷잘입는남자 준서,유튜브,3660381,메가,피드,2026-02-04,3656762,20762,1302,3356,1556,47396,787,27388832,53869363,부츠,무신사
INF-2602-104,마이크로_020,유튜브,78062,마이크로,피드,2026-02-14,30812,2028,268,763,93,523,52,1190240,6508996,니트/스웨터,29CM
INF-2602-087,마이크로_008,인스타그램,23474,마이크로,라이브,2026-02-21,24011,1063,122,257,72,656,69,663853,11105688,라이프스타일,29CM
INF-2602-250,마이크로_115,틱톡,93071,마이크로,쇼츠,2026-02-13,112255,8862,977,2261,693,2509,177,1071209,16772520,아우터,무신사
INF-2602-320,나노_013,유튜브,4120,나노,피드,2026-02-12,1355,86,12,19,6,45,3,221811,302646,니트/스웨터,무신사
INF-2602-013,핏마스터 현우,유튜브,2307432,메가,라이브,2026-02-26,3072489,23031,1699,9691,937,19427,337,16054043,27776551,가방,29CM
INF-2602-141,마이크로_044,유튜브,28920,마이크로,피드,2026-02-24,22997,1529,157,487,65,534,34,1479408,4894436,셔츠/블라우스,29CM
INF-2602-304,마이크로_149,인스타그램,88146,마이크로,라이브,2026-02-26,52752,2405,285,403,188,1792,113,487652,14870574,데님,무신사
INF-2602-340,나노_033,유튜브,6289,나노,쇼츠,2026-02-23,2397,238,25,66,8,97,8,265027,1312648,셔츠/블라우스,29CM
INF-2602-118,마이크로_029,틱톡,88317,마이크로,라이브,2026-02-25,79936,4762,371,2552,304,1436,170,1110232,23226930,니트/스웨터,29CM
INF-2602-281,마이크로_134,인스타그램,89477,마이크로,라이브,2026-02-27,88572,4002,363,873,134,1980,231,1147158,35175987,라이프스타일,29CM
INF-2602-398,나노_091,인스타그램,7400,나노,라이브,2026-02-05,3191,192,22,68,14,113,13,70171,1734538,액세서리,29CM
INF-2602-033,OOTD 민재,틱톡,2984686,메가,라이브,2026-02-03,3558899,52072,3953,7782,3222,45049,595,20340453,51214030,스니커즈,무신사
INF-2602-119,마이크로_030,틱톡,88966,마이크로,라이브,2026-02-20,31526,1688,140,590,89,950,86,384420,11006882,스니커즈,29CM
INF-2602-384,나노_077,인스타그램,3079,나노,스토리,2026-02-14,2856,156,22,61,4,72,7,121027,745759,아우터,29CM
INF-2602-174,마이크로_065,인스타그램,74154,마이크로,쇼츠,2026-02-11,78111,4061,233,1891,277,1958,205,863540,27341670,라이프스타일,29CM
INF-2602-019,트렌드퀸 소연,유튜브,4013222,메가,피드,2026-02-07,1834258,17047,1631,4872,1308,9342,132,28280369,10810272,뷰티,무신사
INF-2602-137,마이크로_040,유튜브,59081,마이크로,피드,2026-02-25,87096,5596,682,1861,274,1806,158,347679,16642456,데님,29CM
INF-2602-275,마이크로_130,유튜브,40079,마이크로,쇼츠,2026-02-05,46130,2065,222,459,62,1446,146,311470,18455130,가방,29CM
INF-2602-063,감성코디 예린,틱톡,753534,매크로,쇼츠,2026-02-08,446873,13955,1649,1898,540,8554,252,4221127,27661788,액세서리,무신사
INF-2602-205,마이크로_085,틱톡,39260,마이크로,쇼츠,2026-02-09,16682,850,70,176,40,383,37,1486044,3575273,셔츠/블라우스,29CM
INF-2602-386,나노_079,틱톡,3444,나노,쇼츠,2026-02-24,2993,342,40,66,21,85,8,288940,1110528,아우터,29CM
INF-2602-319,나노_012,틱톡,7476,나노,라이브,2026-02-12,7769,896,66,102,61,230,33,197106,3522519,부츠,무신사
INF-2602-402,나노_095,틱톡,4361,나노,라이브,2026-02-11,2966,330,28,122,12,86,12,224470,1776312,니트/스웨터,29CM
INF-2602-401,나노_094,틱톡,3634,나노,라이브,2026-02-12,5334,618,73,144,23,144,10,97783,1365000,니트/스웨터,무신사
INF-2602-256,마이크로_119,인스타그램,21471,마이크로,릴스,2026-02-18,20820,688,50,187,33,640,55,828289,4796715,아우터,29CM
INF-2602-083,마이크로_006,인스타그램,45804,마이크로,릴스,2026-02-07,32713,1756,206,383,98,742,54,538692,8831916,스니커즈,무신사
INF-2602-131,마이크로_037,유튜브,10895,마이크로,라이브,2026-02-06,13123,696,55,170,21,411,41,1236872,3818822,가방,무신사
INF-2602-391,나노_084,인스타그램,5573,나노,릴스,2026-02-02,7507,631,58,163,48,363,51,242984,4878915,액세서리,29CM
INF-2602-293,마이크로_142,인스타그램,64262,마이크로,쇼츠,2026-02-18,28920,994,74,247,67,586,49,348446,4778676,아우터,무신사
INF-2602-317,나노_010,유튜브,1886,나노,라이브,2026-02-10,1787,125,12,18,4,74,7,133706,1073849,가방,무신사
INF-2602-076,마이크로_001,인스타그램,12068,마이크로,라이브,2026-02-05,4501,190,17,81,10,169,10,365327,955890,데님,29CM
INF-2602-373,나노_066,틱톡,2240,나노,라이브,2026-02-02,2740,285,33,129,12,118,10,122452,1031770,스니커즈,29CM
INF-2602-327,나노_020,유튜브,6395,나노,피드,2026-02-19,6925,572,67,144,21,281,39,104200,4396353,니트/스웨터,29CM
INF-2602-371,나노_064,틱톡,6132,나노,쇼츠,2026-02-02,7959,421,25,50,22,211,19,52221,2285833,라이프스타일,무신사
INF-2602-178,마이크로_067,틱톡,61949,마이크로,라이브,2026-02-27,50493,2428,144,346,82,1506,137,791035,19636895,데님,무신사
INF-2602-036,데일리룩 서연,유튜브,973349,매크로,피드,2026-02-18,862265,25820,2544,8262,1638,18945,721,4850012,86579843,아우터,29CM
INF-2602-376,나노_069,틱톡,7411,나노,쇼츠,2026-02-19,10582,661,61,318,45,460,52,235494,4962516,뷰티,29CM
INF-2602-374,나노_067,인스타그램,5336,나노,쇼츠,2026-02-23,7872,527,47,120,18,285,29,178901,5088717,스니커즈,무신사
INF-2602-311,나노_004,인스타그램,9511,나노,라이브,2026-02-12,8921,432,44,64,26,226,29,110559,4333151,액세서리,무신사
INF-2602-349,나노_042,인스타그램,2897,나노,라이브,2026-02-25,3257,223,13,43,7,116,14,61542,1903398,스니커즈,무신사
INF-2602-301,마이크로_147,유튜브,44931,마이크로,피드,2026-02-02,23270,869,65,275,26,916,94,1285969,12730984,셔츠/블라우스,29CM
INF-2602-245,마이크로_112,틱톡,60778,마이크로,쇼츠,2026-02-14,54999,3796,561,1933,258,1201,141,974955,17421537,라이프스타일,29CM
INF-2602-228,마이크로_101,유튜브,66233,마이크로,피드,2026-02-12,62294,3092,448,860,209,1761,107,379115,9152780,스니커즈,무신사
INF-2602-177,마이크로_066,틱톡,54270,마이크로,라이브,2026-02-22,29456,2916,184,1206,110,1128,86,1197160,11372812,니트/스웨터,29CM
INF-2602-077,마이크로_002,틱톡,46046,마이크로,라이브,2026-02-08,53163,3755,412,596,207,1369,147,1449986,14699412,가방,무신사
INF-2602-375,나노_068,인스타그램,2692,나노,피드,2026-02-23,3157,180,9,63,11,63,4,199774,584724,부츠,29CM
INF-2602-292,마이크로_141,유튜브,93962,마이크로,라이브,2026-02-25,73828,4000,231,1213,182,2312,237,1498810,38950713,부츠,29CM
INF-2602-220,마이크로_096,인스타그램,85007,마이크로,라이브,2026-02-26,94632,5764,524,599,397,3235,195,772094,19956690,아우터,무신사
INF-2602-125,마이크로_033,유튜브,39473,마이크로,쇼츠,2026-02-20,57092,2071,294,860,139,1161,127,903204,15308199,라이프스타일,29CM
INF-2602-180,마이크로_068,유튜브,27324,마이크로,쇼츠,2026-02-19,22627,1352,152,176,68,727,81,644177,7805322,가방,무신사
INF-2602-239,마이크로_107,인스타그램,16025,마이크로,피드,2026-02-03,7666,427,59,171,13,294,26,1107144,3809260,액세서리,29CM
INF-2602-197,마이크로_080,유튜브,22055,마이크로,라이브,2026-02-09,7956,319,29,78,17,195,16,1266776,2102272,액세서리,무신사
INF-2602-314,나노_007,인스타그램,5945,나노,릴스,2026-02-02,3316,205,26,59,14,157,17,108166,2886566,액세서리,무신사
INF-2602-399,나노_092,유튜브,6680,나노,라이브,2026-02-19,2176,145,7,66,10,77,7,219000,1195957,뷰티,29CM
INF-2602-195,마이크로_078,유튜브,38183,마이크로,라이브,2026-02-04,55826,1952,107,311,138,1080,126,820552,18178020,니트/스웨터,무신사
INF-2602-037,스트릿바이브,틱톡,720644,매크로,라이브,2026-02-09,772025,26394,2538,5227,1292,10171,286,3704202,32857682,데님,29CM
INF-2602-243,마이크로_110,유튜브,31516,마이크로,쇼츠,2026-02-21,13499,502,34,143,24,356,38,1158177,4913134,라이프스타일,무신사
INF-2602-318,나노_011,인스타그램,3425,나노,라이브,2026-02-07,3376,195,17,39,10,145,11,174742,1239447,액세서리,29CM
INF-2602-167,마이크로_061,유튜브,56135,마이크로,피드,2026-02-05,78724,4535,531,1326,190,1411,116,923787,12009248,라이프스타일,29CM
INF-2602-368,나노_061,유튜브,7765,나노,라이브,2026-02-16,9094,503,54,134,16,254,34,165391,3464056,스니커즈,무신사
INF-2602-102,마이크로_018,틱톡,43246,마이크로,라이브,2026-02-09,16248,1304,124,370,41,324,20,582806,2512840,아우터,29CM
INF-2602-027,패션위크 다영,틱톡,4624147,메가,쇼츠,2026-02-12,3305453,30405,2847,16245,1087,46259,458,29581540,21941864,가방,29CM
INF-2602-367,나노_060,틱톡,3860,나노,쇼츠,2026-02-27,3226,426,32,102,23,141,19,222793,2658803,액세서리,무신사
INF-2602-203,마이크로_084,유튜브,78982,마이크로,쇼츠,2026-02-23,90469,6707,728,2019,309,3564,370,1083476,52636570,뷰티,29CM
INF-2602-046,코디장인 유나,틱톡,546173,매크로,쇼츠,2026-02-02,803927,24210,1895,2907,961,10782,264,7945813,17404728,뷰티,무신사
INF-2602-095,마이크로_013,인스타그램,79993,마이크로,피드,2026-02-27,110771,4277,503,1647,222,3792,404,1283597,60970064,셔츠/블라우스,29CM
INF-2602-188,마이크로_073,인스타그램,60197,마이크로,라이브,2026-02-12,57996,2476,307,455,114,1473,152,374162,18324208,데님,무신사
INF-2602-207,마이크로_087,유튜브,31319,마이크로,피드,2026-02-20,20479,636,92,73,24,499,51,370071,7991802,액세서리,무신사
INF-2602-321,나노_014,인스타그램,2405,나노,릴스,2026-02-11,3460,365,49,172,11,141,11,113713,1693890,셔츠/블라우스,29CM
INF-2602-110,마이크로_025,틱톡,63665,마이크로,쇼츠,2026-02-27,68172,2884,340,487,213,2352,231,964855,25144350,데님,무신사
INF-2602-342,나노_035,인스타그램,6797,나노,릴스,2026-02-15,6278,556,55,75,33,259,38,180127,3617866,데님,무신사
INF-2602-189,마이크로_073,인스타그램,60197,마이크로,릴스,2026-02-18,31014,1745,258,912,58,825,63,410461,7920549,액세서리,29CM
INF-2602-403,나노_096,틱톡,1070,나노,쇼츠,2026-02-24,746,83,8,23,6,36,4,183014,457112,액세서리,29CM
INF-2602-259,마이크로_122,틱톡,80405,마이크로,라이브,2026-02-07,44388,4350,533,619,327,1610,110,938983,12002760,데님,무신사
INF-2602-269,마이크로_127,틱톡,77441,마이크로,쇼츠,2026-02-19,40601,2104,256,468,87,1432,147,615076,21772611,니트/스웨터,29CM
INF-2602-296,마이크로_144,틱톡,78610,마이크로,쇼츠,2026-02-12,109323,8031,583,946,364,2766,191,949406,16499153,스니커즈,무신사
INF-2602-305,마이크로_149,인스타그램,88146,마이크로,피드,2026-02-09,59946,2156,246,657,160,1997,122,787954,16410708,아우터,29CM
INF-2602-198,마이크로_081,틱톡,14541,마이크로,쇼츠,2026-02-13,15656,1139,157,223,39,384,32,815448,5415456,부츠,무신사
INF-2602-099,마이크로_016,인스타그램,49472,마이크로,피드,2026-02-10,52773,1758,98,469,96,1498,146,1180437,23414312,가방,무신사
INF-2602-343,나노_036,틱톡,4396,나노,라이브,2026-02-25,1558,207,27,52,12,63,5,158538,519455,아우터,29CM
INF-2602-165,마이크로_060,유튜브,40389,마이크로,피드,2026-02-26,43158,2381,126,530,94,1286,107,690881,12107371,데님,무신사
INF-2602-299,마이크로_145,인스타그램,42754,마이크로,릴스,2026-02-18,22184,976,110,218,42,678,48,443579,4202016,아우터,무신사
INF-2602-393,나노_086,틱톡,4916,나노,라이브,2026-02-21,4305,564,67,275,37,89,9,54175,1018521,액세서리,29CM
INF-2602-363,나노_056,틱톡,1620,나노,쇼츠,2026-02-17,705,70,8,14,4,34,5,146620,658120,라이프스타일,29CM
INF-2602-143,마이크로_045,틱톡,25376,마이크로,라이브,2026-02-12,35458,3534,425,1139,148,816,62,1304369,9058944,뷰티,29CM
INF-2602-308,나노_001,인스타그램,7348,나노,피드,2026-02-28,8956,629,49,114,28,204,25,180429,2518425,아우터,무신사
INF-2602-093,마이크로_012,유튜브,12389,마이크로,피드,2026-02-05,8797,411,28,123,15,197,21,749194,3182403,라이프스타일,무신사
INF-2602-127,마이크로_035,인스타그램,95267,마이크로,쇼츠,2026-02-27,65296,4227,595,498,248,1853,191,902396,17168608,니트/스웨터,무신사
INF-2602-362,나노_055,유튜브,9346,나노,피드,2026-02-12,7118,524,48,95,28,298,37,167976,4820767,아우터,29CM
INF-2602-134,마이크로_039,틱톡,25235,마이크로,라이브,2026-02-09,10324,520,68,178,28,272,17,1325146,2475268,아우터,29CM
INF-2602-226,마이크로_100,유튜브,79446,마이크로,라이브,2026-02-21,36929,1573,143,336,118,976,77,616205,8365203,니트/스웨터,무신사
INF-2602-120,마이크로_031,틱톡,76494,마이크로,라이브,2026-02-09,50466,3796,329,891,299,1493,160,1480537,26796480,라이프스타일,무신사
INF-2602-232,마이크로_103,틱톡,65164,마이크로,쇼츠,2026-02-20,40660,1873,119,498,66,1340,89,1391167,8894927,셔츠/블라우스,무신사
INF-2602-081,마이크로_005,유튜브,50499,마이크로,라이브,2026-02-11,67862,3103,279,716,191,1069,111,680435,12564867,니트/스웨터,29CM
INF-2602-029,패션위크 다영,틱톡,4624147,메가,라이브,2026-02-15,5145665,106067,11831,30582,6087,25749,279,27722004,20415267,셔츠/블라우스,29CM
INF-2602-105,마이크로_020,유튜브,78062,마이크로,라이브,2026-02-17,65303,4142,584,923,214,2023,217,1037247,20076406,니트/스웨터,무신사
INF-2602-288,마이크로_138,유튜브,34105,마이크로,쇼츠,2026-02-18,38908,1780,241,277,69,711,67,1178901,7702186,가방,무신사
INF-2602-358,나노_051,인스타그램,8326,나노,라이브,2026-02-01,5660,349,49,56,26,187,27,280011,3783321,라이프스타일,무신사
INF-2602-303,마이크로_148,틱톡,22315,마이크로,쇼츠,2026-02-02,29821,1346,82,547,62,572,43,409235,4329326,라이프스타일,29CM
INF-2602-109,마이크로_024,틱톡,57381,마이크로,라이브,2026-02-13,71753,3354,333,577,196,1914,227,721486,23156043,액세서리,무신사
INF-2602-098,마이크로_015,인스타그램,55820,마이크로,릴스,2026-02-25,63371,3819,460,1303,115,1076,81,1290809,8472357,스니커즈,29CM
INF-2602-216,마이크로_093,유튜브,72287,마이크로,피드,2026-02-15,50994,3788,307,1017,276,1637,193,342431,22171454,부츠,무신사
INF-2602-047,코디장인 유나,틱톡,546173,매크로,라이브,2026-02-04,581916,19077,1149,1954,843,9997,285,4059309,36558090,데님,무신사
INF-2602-251,마이크로_116,틱톡,46583,마이크로,라이브,2026-02-03,46619,2287,189,995,86,878,69,637492,6324885,부츠,29CM
INF-2602-173,마이크로_064,틱톡,31755,마이크로,라이브,2026-02-27,14693,1477,134,165,64,461,47,499701,4812424,셔츠/블라우스,무신사
INF-2602-113,마이크로_027,틱톡,91016,마이크로,라이브,2026-02-16,58942,2760,271,720,177,1322,85,1444158,7892420,액세서리,무신사
INF-2602-276,마이크로_131,틱톡,44249,마이크로,라이브,2026-02-19,45764,3309,296,837,190,1324,93,1066811,14720133,부츠,29CM
INF-2602-229,마이크로_101,유튜브,66233,마이크로,피드,2026-02-05,59874,1983,112,388,153,1580,144,1104363,22132368,부츠,29CM
INF-2602-280,마이크로_133,인스타그램,67536,마이크로,스토리,2026-02-27,74532,4529,317,838,295,2830,263,1040562,41628692,스니커즈,29CM
INF-2602-323,나노_016,인스타그램,5653,나노,릴스,2026-02-10,3536,333,48,37,20,141,20,211995,2844280,가방,무신사
INF-2602-122,마이크로_032,유튜브,29848,마이크로,피드,2026-02-13,26928,1647,160,799,109,879,80,1160623,12681280,부츠,29CM
INF-2602-182,마이크로_069,유튜브,66280,마이크로,라이브,2026-02-05,71277,4791,619,708,236,1498,147,919796,13863129,가방,무신사
INF-2602-209,마이크로_089,틱톡,84943,마이크로,쇼츠,2026-02-16,31038,2198,129,581,134,838,55,622101,6166875,데님,무신사
INF-2602-055,클린핏 소율,유튜브,592841,매크로,쇼츠,2026-02-07,465386,11138,1657,4640,636,7538,186,9480601,16499874,스니커즈,29CM
INF-2602-206,마이크로_086,유튜브,18885,마이크로,라이브,2026-02-26,21991,761,71,250,29,557,62,526564,8124232,라이프스타일,29CM
INF-2602-278,마이크로_132,인스타그램,21939,마이크로,라이브,2026-02-02,8902,408,35,162,27,340,28,1213052,4292092,니트/스웨터,29CM
INF-2602-383,나노_076,인스타그램,1666,나노,쇼츠,2026-02-23,1763,91,5,45,3,35,5,272132,938165,액세서리,29CM
INF-2602-138,마이크로_041,유튜브,96533,마이크로,쇼츠,2026-02-18,56838,2715,297,923,172,2091,156,332811,14164488,셔츠/블라우스,29CM
INF-2602-235,마이크로_105,유튜브,48085,마이크로,피드,2026-02-09,39006,2165,292,1081,65,720,71,955794,9093538,데님,29CM
INF-2602-044,캐주얼킹 도윤,틱톡,745830,매크로,라이브,2026-02-16,438837,15164,1837,5175,467,6325,190,9359946,15379550,뷰티,29CM
INF-2602-267,마이크로_126,인스타그램,16086,마이크로,스토리,2026-02-19,6818,561,63,154,37,200,18,979626,2418642,데님,29CM
INF-2602-312,나노_005,인스타그램,7997,나노,스토리,2026-02-14,7676,445,51,165,26,368,52,97289,8689200,가방,29CM
INF-2602-184,마이크로_070,틱톡,57895,마이크로,쇼츠,2026-02-10,54721,2104,122,437,160,2153,149,1425257,19046223,가방,29CM
INF-2602-056,어반스타일 시우,유튜브,402020,매크로,라이브,2026-02-04,179184,7023,778,1038,266,3272,110,7066057,7821880,니트/스웨터,무신사
INF-2602-136,마이크로_040,유튜브,59081,마이크로,쇼츠,2026-02-24,44356,2298,266,858,144,1050,74,1091667,11501006,셔츠/블라우스,29CM
INF-2602-004,스타일킹 지호,인스타그램,1466956,메가,스토리,2026-02-15,1456427,25864,1411,6777,1150,8444,87,27134457,4490853,부츠,29CM
INF-2602-397,나노_090,유튜브,6656,나노,라이브,2026-02-03,8622,658,67,174,49,289,28,188066,5131028,데님,무신사
INF-2602-260,마이크로_122,틱톡,80405,마이크로,쇼츠,2026-02-24,106351,5809,832,3124,308,3056,236,1489698,22143644,라이프스타일,29CM
INF-2602-026,패션위크 다영,틱톡,4624147,메가,쇼츠,2026-02-19,6183518,100156,7803,22865,5006,91587,1223,24348367,57246184,스니커즈,무신사
INF-2602-018,트렌드퀸 소연,유튜브,4013222,메가,쇼츠,2026-02-22,4455700,27714,1717,13870,1172,48768,692,17280388,50152008,부츠,29CM
INF-2602-146,마이크로_047,인스타그램,32185,마이크로,쇼츠,2026-02-05,16763,1141,170,332,64,603,38,1324073,3471604,셔츠/블라우스,무신사
INF-2602-130,마이크로_036,유튜브,47298,마이크로,쇼츠,2026-02-16,52466,2977,330,677,149,1347,107,1490723,14716566,부츠,무신사
INF-2602-351,나노_044,유튜브,6218,나노,쇼츠,2026-02-13,7864,455,30,131,33,284,21,234642,2074800,아우터,29CM
INF-2602-157,마이크로_055,유튜브,91924,마이크로,피드,2026-02-20,78083,3768,190,1213,271,1912,213,710094,30395100,니트/스웨터,29CM
INF-2602-187,마이크로_072,유튜브,31884,마이크로,쇼츠,2026-02-02,15950,456,58,127,29,285,29,1488846,2474744,액세서리,무신사
INF-2602-200,마이크로_082,유튜브,81371,마이크로,쇼츠,2026-02-06,34188,2589,198,1225,196,560,67,634757,7621786,셔츠/블라우스,29CM
INF-2602-129,마이크로_036,유튜브,47298,마이크로,쇼츠,2026-02-24,43948,3552,225,1283,155,1547,123,1439383,17853450,부츠,29CM
INF-2602-042,캐주얼킹 도윤,틱톡,745830,매크로,라이브,2026-02-11,613586,27442,2108,13352,1963,6933,291,6899643,23565471,아우터,29CM
INF-2602-091,마이크로_011,유튜브,63578,마이크로,쇼츠,2026-02-19,79286,4867,275,578,311,1752,181,409818,29683457,니트/스웨터,무신사
INF-2602-225,마이크로_099,유튜브,98063,마이크로,쇼츠,2026-02-17,78898,5456,475,1184,290,1415,89,944004,14965439,데님,무신사
INF-2602-329,나노_022,인스타그램,3489,나노,릴스,2026-02-23,1156,73,8,28,4,43,3,98430,295254,액세서리,29CM
INF-2602-277,마이크로_131,틱톡,44249,마이크로,쇼츠,2026-02-06,52343,4757,551,2136,248,1700,118,1134938,13346862,가방,29CM
INF-2602-350,나노_043,유튜브,4438,나노,피드,2026-02-12,2804,158,14,19,5,79,5,125121,883250,뷰티,무신사
INF-2602-217,마이크로_094,틱톡,64627,마이크로,라이브,2026-02-05,53644,4531,411,892,252,1306,82,694129,8678552,뷰티,무신사
INF-2602-038,스트릿바이브,틱톡,720644,매크로,쇼츠,2026-02-20,682668,27401,2328,6303,1892,13500,524,9283270,66670092,니트/스웨터,무신사
INF-2602-024,옷잘입는남자 준서,유튜브,3660381,메가,피드,2026-02-11,5375651,89444,12752,13179,3410,69877,682,28635762,49117640,가방,무신사
INF-2602-008,패션유니버스,유튜브,3871480,메가,라이브,2026-02-25,4841267,36942,2081,6513,2948,49822,882,20368105,40353264,부츠,무신사
INF-2602-406,나노_099,유튜브,7056,나노,쇼츠,2026-02-26,5037,331,31,126,13,234,30,124619,4484220,가방,29CM
INF-2602-172,마이크로_064,틱톡,31755,마이크로,라이브,2026-02-28,40526,2080,222,772,124,778,92,733312,11348752,뷰티,29CM
INF-2602-048,레이어드 마스터,인스타그램,615633,매크로,라이브,2026-02-13,224294,5622,597,903,448,2641,103,8758368,10787705,액세서리,무신사
INF-2602-052,빈티지무드 재현,틱톡,926097,매크로,쇼츠,2026-02-08,1055454,41625,4164,14891,1416,11185,344,5550901,29626312,라이프스타일,29CM
INF-2602-151,마이크로_049,유튜브,82443,마이크로,쇼츠,2026-02-25,116161,6161,480,1285,387,2263,251,397647,21850052,가방,무신사
INF-2602-344,나노_037,틱톡,2865,나노,라이브,2026-02-05,3349,307,16,41,14,100,12,153821,1886316,액세서리,무신사
INF-2602-315,나노_008,인스타그램,6827,나노,쇼츠,2026-02-06,9336,481,36,136,28,346,30,146228,3153540,액세서리,29CM
INF-2602-032,OOTD 민재,틱톡,2984686,메가,라이브,2026-02-27,2559248,53061,7521,11867,1945,24687,328,32379778,26774312,뷰티,29CM
INF-2602-201,마이크로_083,틱톡,57026,마이크로,쇼츠,2026-02-03,81950,3392,360,466,269,3035,271,1037530,34012668,아우터,무신사
INF-2602-330,나노_023,틱톡,3196,나노,쇼츠,2026-02-24,3689,453,61,160,16,95,6,172883,581802,셔츠/블라우스,29CM
INF-2602-255,마이크로_118,틱톡,97862,마이크로,라이브,2026-02-23,127494,9340,1241,2575,626,3299,359,1189631,33908268,부츠,무신사
INF-2602-003,스타일킹 지호,인스타그램,1466956,메가,라이브,2026-02-10,610341,4921,543,1286,327,6324,112,27748244,7818384,라이프스타일,무신사
INF-2602-171,마이크로_063,틱톡,39470,마이크로,라이브,2026-02-28,25941,2396,227,406,169,673,80,819111,9284480,라이프스타일,무신사
INF-2602-078,마이크로_003,유튜브,69441,마이크로,쇼츠,2026-02-24,46876,2086,157,606,134,1258,82,499409,7887416,부츠,무신사
INF-2602-017,트렌드퀸 소연,유튜브,4013222,메가,피드,2026-02-03,2252385,15093,1865,1693,689,12391,158,24955862,12609506,니트/스웨터,무신사
INF-2602-012,핏마스터 현우,유튜브,2307432,메가,피드,2026-02-21,1905292,34384,2135,4983,1612,20735,213,27529912,12659016,아우터,무신사
INF-2602-325,나노_018,유튜브,6465,나노,쇼츠,2026-02-18,2082,158,13,45,12,102,9,91157,928143,스니커즈,29CM
INF-2602-233,마이크로_103,틱톡,65164,마이크로,쇼츠,2026-02-01,95644,7423,675,1764,426,3611,365,1397116,54020365,데님,29CM
INF-2602-031,OOTD 민재,틱톡,2984686,메가,라이브,2026-02-08,2526534,49437,5317,12046,2432,22730,215,17443709,19363760,니트/스웨터,무신사
INF-2602-121,마이크로_031,틱톡,76494,마이크로,쇼츠,2026-02-15,76511,4804,542,1075,346,1430,144,407699,12835872,부츠,무신사
INF-2602-016,핏마스터 현우,유튜브,2307432,메가,피드,2026-02-24,2025071,18160,2546,4343,546,18031,311,31295412,23268709,뷰티,29CM
INF-2602-152,마이크로_050,인스타그램,49226,마이크로,릴스,2026-02-04,64071,3312,462,990,224,1185,141,1488447,13434339,가방,29CM
INF-2602-132,마이크로_038,틱톡,25389,마이크로,쇼츠,2026-02-25,18814,1518,221,532,80,747,61,918738,9576329,셔츠/블라우스,29CM
INF-2602-169,마이크로_062,인스타그램,73518,마이크로,피드,2026-02-10,107085,4097,407,970,208,3854,344,1105189,32967240,아우터,무신사
INF-2602-204,마이크로_085,틱톡,39260,마이크로,라이브,2026-02-26,29604,2270,180,307,68,963,90,667739,14344290,라이프스타일,무신사
INF-2602-282,마이크로_135,유튜브,68034,마이크로,피드,2026-02-23,82250,5091,488,1760,302,1289,86,810180,8071444,셔츠/블라우스,29CM
INF-2602-336,나노_029,틱톡,6491,나노,쇼츠,2026-02-05,3116,456,30,198,23,91,11,276144,1688401,셔츠/블라우스,29CM
INF-2602-051,빈티지무드 재현,틱톡,926097,매크로,라이브,2026-02-15,1315430,47714,4984,19711,3598,29464,641,9743649,48634593,데님,29CM
INF-2602-011,루나스타일,유튜브,2231028,메가,피드,2026-02-25,3287601,49130,3074,20511,3799,21866,290,17322386,24578370,셔츠/블라우스,29CM
INF-2602-111,마이크로_025,틱톡,63665,마이크로,라이브,2026-02-05,31678,2005,242,339,154,1183,131,937795,15437957,스니커즈,무신사
INF-2602-194,마이크로_077,인스타그램,96827,마이크로,피드,2026-02-26,83200,2775,287,812,112,1889,143,1242809,14402531,스니커즈,무신사
INF-2602-248,마이크로_114,유튜브,31094,마이크로,라이브,2026-02-08,40647,2537,201,636,80,1436,94,607082,14912818,뷰티,무신사
INF-2602-010,루나스타일,유튜브,2231028,메가,피드,2026-02-03,3128330,40305,3984,4932,1940,46465,746,32795716,45276232,데님,무신사
INF-2602-405,나노_098,틱톡,2369,나노,쇼츠,2026-02-23,2619,290,29,72,13,99,14,227488,2553516,가방,29CM
INF-2602-058,모던룩 지안,틱톡,925981,매크로,라이브,2026-02-15,592078,16377,1780,8836,892,7240,242,3021518,21203556,부츠,29CM
INF-2602-218,마이크로_094,틱톡,64627,마이크로,라이브,2026-02-17,32861,3216,225,644,101,534,43,360708,4777171,가방,29CM
INF-2602-041,미니멀리스트 하은,틱톡,427110,매크로,라이브,2026-02-06,163475,5732,293,1897,312,2697,78,6108573,9627540,뷰티,29CM
INF-2602-067,시크바이브 하린,유튜브,926918,매크로,피드,2026-02-09,1092680,17547,1395,7878,680,13092,438,6060677,56356146,니트/스웨터,29CM
INF-2602-108,마이크로_023,인스타그램,26074,마이크로,스토리,2026-02-28,13224,932,139,439,73,524,52,1248002,4862572,니트/스웨터,29CM
INF-2602-065,프렙룩 태민,유튜브,581894,매크로,쇼츠,2026-02-19,770429,14449,1273,4467,647,15785,324,6227040,38684628,아우터,29CM
INF-2602-158,마이크로_056,틱톡,52030,마이크로,라이브,2026-02-27,45516,3685,331,1085,245,1402,165,721216,19267875,가방,29CM
INF-2602-117,마이크로_029,틱톡,88317,마이크로,쇼츠,2026-02-12,83373,7043,655,1947,467,2842,232,899257,31901160,뷰티,무신사
INF-2602-073,믹스매치 수아,유튜브,228093,매크로,쇼츠,2026-02-27,244069,4951,258,1274,208,2901,98,4779272,6810608,셔츠/블라우스,무신사
INF-2602-066,프렙룩 태민,유튜브,581894,매크로,피드,2026-02-04,521419,20347,1599,9513,1228,7969,286,9250957,30227340,아우터,29CM
INF-2602-294,마이크로_142,인스타그램,64262,마이크로,스토리,2026-02-15,59685,2163,130,483,74,2285,190,1132595,21861780,니트/스웨터,무신사
INF-2602-061,감성코디 예린,틱톡,753534,매크로,쇼츠,2026-02-08,996261,36405,4948,6407,1668,20703,807,3673733,98592804,스니커즈,무신사
INF-2602-366,나노_059,틱톡,1845,나노,라이브,2026-02-01,2186,257,25,57,8,95,8,262047,1405704,데님,29CM
INF-2602-390,나노_083,유튜브,4602,나노,피드,2026-02-16,5768,559,78,216,32,155,15,256974,2450835,액세서리,29CM
INF-2602-089,마이크로_009,유튜브,92210,마이크로,라이브,2026-02-17,70206,4024,585,1794,128,2648,249,1363398,27308328,니트/스웨터,29CM
INF-2602-176,마이크로_066,틱톡,54270,마이크로,라이브,2026-02-15,71794,5552,774,1401,179,2200,242,1487286,21086428,아우터,무신사
INF-2602-268,마이크로_126,인스타그램,16086,마이크로,쇼츠,2026-02-06,23601,1107,100,291,52,821,92,1089218,7899488,셔츠/블라우스,무신사
INF-2602-227,마이크로_100,유튜브,79446,마이크로,라이브,2026-02-21,24283,969,122,129,66,661,69,421663,6661191,가방,무신사
INF-2602-072,놈코어 정우,인스타그램,739717,매크로,릴스,2026-02-13,250956,8381,790,4375,609,2883,107,5346630,10772974,스니커즈,29CM
INF-2602-313,나노_006,틱톡,6299,나노,쇼츠,2026-02-17,3506,309,44,82,24,117,11,193032,1094973,니트/스웨터,29CM
INF-2602-160,마이크로_057,틱톡,28242,마이크로,쇼츠,2026-02-26,30794,1832,236,378,145,830,69,829911,10446738,부츠,29CM
INF-2602-179,마이크로_068,유튜브,27324,마이크로,피드,2026-02-19,11126,404,24,70,18,273,29,1103355,2971079,아우터,무신사
INF-2602-246,마이크로_113,유튜브,81802,마이크로,라이브,2026-02-18,86636,4671,525,1328,220,2755,327,1460944,35416062,액세서리,29CM
INF-2602-347,나노_040,유튜브,4893,나노,피드,2026-02-05,3244,245,16,42,7,84,6,299227,967926,셔츠/블라우스,무신사
INF-2602-068,시크바이브 하린,유튜브,926918,매크로,피드,2026-02-12,1328297,34735,2761,9520,2438,22614,494,9917999,56525456,데님,무신사
INF-2602-060,모던룩 지안,틱톡,925981,매크로,라이브,2026-02-26,646699,19705,2650,2363,1488,6615,156,7950792,19044012,스니커즈,무신사
INF-2602-332,나노_025,틱톡,9784,나노,라이브,2026-02-17,12174,1378,131,365,44,607,67,234578,9839151,아우터,무신사
INF-2602-236,마이크로_106,인스타그램,54921,마이크로,릴스,2026-02-28,79897,2567,227,693,179,2494,268,1139385,26751224,니트/스웨터,무신사
INF-2602-372,나노_065,틱톡,4552,나노,라이브,2026-02-10,6597,637,70,111,43,260,34,235617,4053378,액세서리,무신사
INF-2602-059,모던룩 지안,틱톡,925981,매크로,라이브,2026-02-02,543149,22835,3096,7486,1048,9284,397,8851040,35723648,니트/스웨터,29CM
INF-2602-283,마이크로_135,유튜브,68034,마이크로,쇼츠,2026-02-16,98413,6294,320,1676,266,1705,171,1164919,22200075,부츠,무신사
INF-2602-273,마이크로_129,틱톡,88188,마이크로,쇼츠,2026-02-23,36318,2542,356,950,76,1396,140,546449,19817980,뷰티,29CM
INF-2602-270,마이크로_128,인스타그램,12942,마이크로,스토리,2026-02-03,5974,190,26,24,7,227,20,637912,2762860,셔츠/블라우스,무신사
INF-2602-388,나노_081,인스타그램,6343,나노,피드,2026-02-13,5043,244,33,48,14,109,11,243396,1356663,부츠,29CM
INF-2602-097,마이크로_015,인스타그램,55820,마이크로,피드,2026-02-02,50372,2178,325,381,68,1927,212,1131424,27336764,스니커즈,무신사
INF-2602-114,마이크로_027,틱톡,91016,마이크로,쇼츠,2026-02-15,61444,3305,407,899,260,1122,92,601295,14592672,데님,무신사
INF-2602-258,마이크로_121,틱톡,27875,마이크로,쇼츠,2026-02-01,18229,1149,91,318,89,668,66,1444467,5706426,라이프스타일,무신사
INF-2602-080,마이크로_004,틱톡,85748,마이크로,라이브,2026-02-01,48798,2147,288,372,146,1432,155,1311224,24571530,니트/스웨터,무신사
INF-2602-112,마이크로_026,틱톡,75873,마이크로,라이브,2026-02-21,38349,1925,269,322,146,614,68,623368,6503928,셔츠/블라우스,무신사
INF-2602-053,빈티지무드 재현,틱톡,926097,매크로,라이브,2026-02-21,1388670,54535,4196,10605,3698,23687,859,3174025,107405065,액세서리,29CM
INF-2602-337,나노_030,틱톡,1057,나노,라이브,2026-02-03,898,122,12,21,9,24,2,53200,314704,라이프스타일,29CM
INF-2602-175,마이크로_065,인스타그램,74154,마이크로,쇼츠,2026-02-09,87288,2591,301,444,85,2475,180,495332,25436520,부츠,무신사
INF-2602-211,마이크로_090,유튜브,39654,마이크로,피드,2026-02-14,47691,2703,158,456,154,1872,178,616943,28045858,뷰티,무신사
INF-2602-249,마이크로_114,유튜브,31094,마이크로,쇼츠,2026-02-20,35183,1880,165,344,130,1130,133,903221,12242783,액세서리,무신사
INF-2602-191,마이크로_075,틱톡,40539,마이크로,쇼츠,2026-02-05,58424,2821,326,1369,187,1028,94,320121,10924398,스니커즈,29CM
INF-2602-145,마이크로_046,인스타그램,71080,마이크로,쇼츠,2026-02-15,34324,1950,171,936,107,1076,108,919063,12822624,니트/스웨터,29CM
INF-2602-266,마이크로_125,유튜브,27548,마이크로,라이브,2026-02-13,32592,2263,194,325,123,540,44,606601,3986840,액세서리,무신사
INF-2602-400,나노_093,유튜브,9986,나노,라이브,2026-02-15,4577,378,25,57,20,224,29,198701,2934858,니트/스웨터,무신사
INF-2602-007,패션유니버스,유튜브,3871480,메가,쇼츠,2026-02-28,2307220,18163,1385,7090,1360,20751,211,19685216,11407715,데님,29CM
INF-2602-074,믹스매치 수아,유튜브,228093,매크로,쇼츠,2026-02-12,284288,7015,545,2082,556,5146,205,4237774,14801820,셔츠/블라우스,무신사
INF-2602-181,마이크로_069,유튜브,66280,마이크로,피드,2026-02-17,41912,2282,240,502,137,1444,146,819645,18182402,셔츠/블라우스,무신사
INF-2602-297,마이크로_144,틱톡,78610,마이크로,라이브,2026-02-18,88461,5700,715,1639,389,3091,296,317442,25440016,가방,29CM
INF-2602-274,마이크로_130,유튜브,40079,마이크로,피드,2026-02-18,28881,2009,282,537,118,740,55,1099510,6351125,가방,무신사
INF-2602-050,레이어드 마스터,인스타그램,615633,매크로,릴스,2026-02-22,592479,10926,992,4678,584,6214,169,4458053,14116232,셔츠/블라우스,29CM
INF-2602-360,나노_053,틱톡,7459,나노,라이브,2026-02-28,5872,501,35,120,18,215,29,150346,4124467,니트/스웨터,29CM
INF-2602-139,마이크로_042,틱톡,28367,마이크로,라이브,2026-02-09,36279,3643,298,799,231,835,65,791072,6745505,아우터,무신사
INF-2602-392,나노_085,인스타그램,9261,나노,피드,2026-02-12,8104,655,86,124,27,297,21,153368,3114216,스니커즈,무신사
INF-2602-162,마이크로_058,인스타그램,43913,마이크로,릴스,2026-02-16,42577,2327,167,730,123,1361,138,1387997,14456604,데님,29CM
INF-2602-166,마이크로_060,유튜브,40389,마이크로,라이브,2026-02-19,21178,1082,103,295,79,597,58,1425937,9468268,데님,29CM
INF-2602-279,마이크로_133,인스타그램,67536,마이크로,피드,2026-02-03,43439,1411,155,286,58,835,51,1386646,5934309,스니커즈,무신사
INF-2602-086,마이크로_007,유튜브,12456,마이크로,라이브,2026-02-24,11568,449,36,75,20,222,20,1139804,1998900,니트/스웨터,무신사
INF-2602-361,나노_054,인스타그램,3200,나노,라이브,2026-02-06,1512,89,10,46,3,36,4,54117,619088,액세서리,29CM
INF-2602-049,레이어드 마스터,인스타그램,615633,매크로,스토리,2026-02-22,820146,32776,2639,7348,1982,17306,756,5494378,59434452,데님,무신사
INF-2602-094,마이크로_012,유튜브,12389,마이크로,라이브,2026-02-25,6405,312,35,156,20,103,8,640257,929064,액세서리,29CM
INF-2602-354,나노_047,유튜브,6320,나노,라이브,2026-02-18,5500,403,38,97,27,209,16,67135,1735856,데님,29CM
INF-2602-100,마이크로_017,유튜브,90584,마이크로,라이브,2026-02-02,47536,2013,206,346,156,1359,145,1173605,21972575,가방,무신사
INF-2602-264,마이크로_124,인스타그램,82308,마이크로,쇼츠,2026-02-08,100666,5837,313,1596,436,2868,284,1149628,29672604,라이프스타일,29CM
INF-2602-040,미니멀리스트 하은,틱톡,427110,매크로,쇼츠,2026-02-12,331431,13940,802,3319,855,3820,150,6148302,18108600,뷰티,무신사
INF-2602-272,마이크로_129,틱톡,88188,마이크로,쇼츠,2026-02-26,67248,2500,175,679,138,1714,118,1093166,11519396,뷰티,무신사
INF-2602-150,마이크로_049,유튜브,82443,마이크로,쇼츠,2026-02-28,94266,2625,353,601,122,3717,440,319818,67859440,라이프스타일,무신사
INF-2602-396,나노_089,틱톡,2860,나노,쇼츠,2026-02-03,3439,385,46,172,26,101,14,296191,2254042,부츠,29CM
INF-2602-025,패션위크 다영,틱톡,4624147,메가,쇼츠,2026-02-01,2270629,49544,4372,9608,2652,15884,272,23952514,18472880,셔츠/블라우스,29CM
INF-2602-338,나노_031,인스타그램,1107,나노,스토리,2026-02-03,1155,118,15,21,4,45,3,122905,297750,아우터,29CM
INF-2602-378,나노_071,유튜브,4129,나노,라이브,2026-02-03,1767,168,16,46,8,45,3,285001,294972,뷰티,무신사
INF-2602-215,마이크로_092,틱톡,46202,마이크로,라이브,2026-02-11,62533,4976,574,1918,266,1207,101,1021145,16769434,셔츠/블라우스,29CM
INF-2602-185,마이크로_071,인스타그램,17589,마이크로,피드,2026-02-16,7724,269,14,62,16,149,9,1211178,926856,부츠,무신사
INF-2602-140,마이크로_043,틱톡,92050,마이크로,라이브,2026-02-08,32793,1937,221,613,108,1062,89,1339392,11063234,셔츠/블라우스,29CM
INF-2602-028,패션위크 다영,틱톡,4624147,메가,쇼츠,2026-02-07,4845118,45427,2837,22894,2514,56537,636,26079674,57680112,가방,29CM
INF-2602-345,나노_038,유튜브,9797,나노,쇼츠,2026-02-05,7805,639,85,183,42,229,25,263428,3057425,스니커즈,29CM
INF-2602-183,마이크로_070,틱톡,57895,마이크로,라이브,2026-02-14,83678,6958,359,1420,299,1338,85,1287789,11658855,가방,29CM
INF-2602-070,놈코어 정우,인스타그램,739717,매크로,릴스,2026-02-08,953218,32128,2577,5836,1188,23062,636,8330154,61872624,뷰티,무신사
INF-2602-404,나노_097,인스타그램,1656,나노,스토리,2026-02-07,1109,95,12,17,3,24,2,80638,342942,아우터,무신사
INF-2602-164,마이크로_059,인스타그램,64522,마이크로,스토리,2026-02-18,21105,1280,77,332,97,707,64,541351,10069696,가방,무신사
INF-2602-075,마이크로_001,인스타그램,12068,마이크로,라이브,2026-02-02,14361,596,74,116,41,399,26,565831,3927014,뷰티,무신사
INF-2602-030,OOTD 민재,틱톡,2984686,메가,쇼츠,2026-02-08,1911821,21064,2357,2499,1634,14049,156,17845266,9055800,액세서리,무신사
INF-2602-359,나노_052,유튜브,9362,나노,라이브,2026-02-23,6113,577,60,63,37,272,26,273479,3431714,라이프스타일,무신사
INF-2602-084,마이크로_006,인스타그램,45804,마이크로,릴스,2026-02-13,55743,3612,223,1296,186,1016,93,587802,10709973,아우터,29CM
INF-2602-355,나노_048,틱톡,5949,나노,라이브,2026-02-18,4736,484,50,255,23,143,19,204805,3276721,셔츠/블라우스,29CM
INF-2602-009,루나스타일,유튜브,2231028,메가,라이브,2026-02-25,3222896,28643,2186,5731,1115,45527,760,15108894,49064080,니트/스웨터,무신사
INF-2602-295,마이크로_143,인스타그램,79041,마이크로,라이브,2026-02-20,105317,3094,302,912,176,2297,199,1048350,30981315,액세서리,무신사
INF-2602-263,마이크로_124,인스타그램,82308,마이크로,라이브,2026-02-21,107835,4513,288,937,194,4006,258,471911,24479556,아우터,무신사
INF-2602-192,마이크로_076,인스타그램,15754,마이크로,라이브,2026-02-19,12534,960,92,239,56,346,33,1390014,4510704,아우터,무신사
INF-2602-365,나노_058,틱톡,8687,나노,라이브,2026-02-19,6285,871,69,208,56,238,22,160366,3715492,니트/스웨터,29CM
INF-2602-244,마이크로_111,유튜브,69048,마이크로,쇼츠,2026-02-24,31870,1836,189,201,140,1146,101,1357378,15314428,니트/스웨터,무신사
INF-2602-352,나노_045,유튜브,2410,나노,피드,2026-02-05,2446,180,24,43,10,71,9,234727,1695969,데님,무신사
INF-2602-322,나노_015,인스타그램,9814,나노,스토리,2026-02-06,11780,721,80,215,46,471,47,187171,8552543,아우터,무신사
INF-2602-133,마이크로_038,틱톡,25389,마이크로,라이브,2026-02-28,23627,1816,156,514,64,843,96,471694,10703712,뷰티,무신사
INF-2602-224,마이크로_099,유튜브,98063,마이크로,쇼츠,2026-02-12,128341,7411,504,1593,269,2755,298,656487,32480510,셔츠/블라우스,29CM
INF-2602-290,마이크로_139,인스타그램,62219,마이크로,스토리,2026-02-01,34753,1882,251,403,126,746,60,425905,9484260,가방,29CM
INF-2602-247,마이크로_113,유튜브,81802,마이크로,피드,2026-02-02,90725,5591,578,1540,285,1389,92,1175514,12412732,셔츠/블라우스,무신사
INF-2602-298,마이크로_145,인스타그램,42754,마이크로,라이브,2026-02-26,55328,3011,174,1218,168,1936,187,1117308,22558371,스니커즈,29CM
INF-2602-186,마이크로_072,유튜브,31884,마이크로,라이브,2026-02-17,37607,1159,162,193,59,1056,80,863639,12846560,부츠,무신사
INF-2602-307,마이크로_150,틱톡,67344,마이크로,쇼츠,2026-02-22,49870,3481,396,611,136,771,85,1435830,14134650,뷰티,무신사
INF-2602-035,데일리룩 서연,유튜브,973349,매크로,피드,2026-02-24,974220,25953,3521,11824,1272,9828,282,9457514,32254878,뷰티,29CM
INF-2602-389,나노_082,유튜브,3234,나노,쇼츠,2026-02-25,2361,198,16,37,11,67,5,215680,780090,부츠,29CM
INF-2602-142,마이크로_044,유튜브,28920,마이크로,라이브,2026-02-01,32055,1066,146,146,72,1061,99,1090978,14635665,셔츠/블라우스,무신사
INF-2602-062,감성코디 예린,틱톡,753534,매크로,쇼츠,2026-02-10,307784,16679,2102,4015,584,3845,105,9264330,7024185,부츠,무신사
INF-2602-015,핏마스터 현우,유튜브,2307432,메가,쇼츠,2026-02-03,1080382,8004,770,2200,270,14131,234,30052972,12031344,셔츠/블라우스,무신사
INF-2602-126,마이크로_034,인스타그램,41779,마이크로,쇼츠,2026-02-21,23847,1262,75,209,67,763,52,1413674,8171020,액세서리,무신사
INF-2602-331,나노_024,인스타그램,4351,나노,쇼츠,2026-02-20,5832,340,28,117,14,187,13,165155,1883128,라이프스타일,29CM
INF-2602-353,나노_046,인스타그램,8672,나노,피드,2026-02-23,9307,763,74,396,28,436,39,229431,5562882,부츠,29CM
INF-2602-394,나노_087,틱톡,1022,나노,라이브,2026-02-24,1153,79,6,19,5,44,5,284208,610755,아우터,무신사
INF-2602-092,마이크로_011,유튜브,63578,마이크로,쇼츠,2026-02-21,92902,6785,605,1485,521,2112,174,950603,22281396,가방,무신사
INF-2602-214,마이크로_092,틱톡,46202,마이크로,쇼츠,2026-02-26,57468,3829,391,704,194,1074,102,325928,10009566,스니커즈,무신사
INF-2602-148,마이크로_048,인스타그램,11553,마이크로,피드,2026-02-07,10893,528,52,126,27,419,29,876173,2831096,라이프스타일,무신사
INF-2602-341,나노_034,인스타그램,1953,나노,라이브,2026-02-19,1825,129,15,50,8,75,7,214882,955374,라이프스타일,29CM
INF-2602-335,나노_028,틱톡,3686,나노,라이브,2026-02-02,1610,189,16,68,9,70,7,73905,811706,니트/스웨터,29CM
INF-2602-064,프렙룩 태민,유튜브,581894,매크로,라이브,2026-02-28,499441,13924,1457,2876,1075,12393,340,9749751,43535980,스니커즈,29CM
INF-2602-242,마이크로_109,유튜브,69566,마이크로,피드,2026-02-12,80695,4122,392,885,259,1214,98,1292233,16469390,데님,29CM
INF-2602-326,나노_019,인스타그램,4695,나노,쇼츠,2026-02-10,5109,301,26,87,18,198,17,152982,2150568,라이프스타일,무신사
INF-2602-328,나노_021,인스타그램,6201,나노,쇼츠,2026-02-24,7213,525,70,120,16,213,31,298670,4615993,스니커즈,29CM
INF-2602-154,마이크로_052,유튜브,91083,마이크로,라이브,2026-02-25,36291,2039,247,831,136,831,55,454154,4712400,스니커즈,29CM
INF-2602-135,마이크로_039,틱톡,25235,마이크로,쇼츠,2026-02-25,8941,675,38,361,51,149,17,453154,1515703,니트/스웨터,29CM
INF-2602-079,마이크로_003,유튜브,69441,마이크로,피드,2026-02-10,25830,1907,202,446,96,951,110,1466794,15447850,부츠,무신사
INF-2602-002,스타일킹 지호,인스타그램,1466956,메가,피드,2026-02-25,1178587,14755,1148,4040,1002,7774,95,33285201,6004950,부츠,무신사
INF-2602-014,핏마스터 현우,유튜브,2307432,메가,쇼츠,2026-02-08,2516899,19839,1807,9739,648,29031,419,18252458,20519268,셔츠/블라우스,29CM
INF-2602-115,마이크로_028,인스타그램,68929,마이크로,피드,2026-02-25,44683,1542,171,414,112,848,67,406126,10768106,니트/스웨터,29CM
INF-2602-238,마이크로_107,인스타그램,16025,마이크로,쇼츠,2026-02-22,5045,232,23,57,15,103,12,959004,1552092,셔츠/블라우스,무신사
INF-2602-379,나노_072,유튜브,6041,나노,쇼츠,2026-02-24,7697,711,36,214,33,320,32,268693,3927840,라이프스타일,29CM
INF-2602-287,마이크로_137,인스타그램,62150,마이크로,쇼츠,2026-02-20,19526,870,94,257,52,419,38,317655,4411116,부츠,29CM
INF-2602-253,마이크로_117,틱톡,83575,마이크로,라이브,2026-02-01,69768,3125,348,1260,243,2237,177,1025629,17675220,뷰티,29CM
INF-2602-156,마이크로_054,인스타그램,83339,마이크로,릴스,2026-02-12,93537,4496,345,1242,167,1794,137,655641,17027593,스니커즈,29CM
INF-2602-300,마이크로_146,유튜브,23405,마이크로,라이브,2026-02-03,27443,1032,67,369,48,625,67,1219426,8956493,니트/스웨터,29CM
INF-2602-155,마이크로_053,인스타그램,27367,마이크로,스토리,2026-02-14,26501,1007,60,118,58,792,84,1241293,11381412,가방,무신사
INF-2602-022,옷잘입는남자 준서,유튜브,3660381,메가,피드,2026-02-05,1113688,19371,2202,2951,1299,11712,143,16479306,6525519,뷰티,무신사
INF-2602-252,마이크로_116,틱톡,46583,마이크로,라이브,2026-02-07,43076,3193,210,1198,160,1022,115,685601,14777500,라이프스타일,29CM
INF-2602-284,마이크로_136,틱톡,38647,마이크로,쇼츠,2026-02-04,34735,1678,207,828,67,697,52,698810,8636160,데님,29CM
INF-2602-149,마이크로_048,인스타그램,11553,마이크로,릴스,2026-02-13,7171,360,31,65,20,285,20,1043316,1911320,가방,무신사
INF-2602-196,마이크로_079,인스타그램,11567,마이크로,릴스,2026-02-07,5284,379,33,85,23,156,11,766172,1043108,액세서리,무신사
INF-2602-096,마이크로_014,인스타그램,42768,마이크로,쇼츠,2026-02-03,41290,2039,274,551,90,1407,107,1078488,16294602,셔츠/블라우스,무신사
INF-2602-103,마이크로_019,유튜브,47501,마이크로,라이브,2026-02-23,63601,3975,248,1242,296,2135,242,400252,32834076,액세서리,29CM
INF-2602-071,놈코어 정우,인스타그램,739717,매크로,쇼츠,2026-02-20,551247,12956,1550,2695,769,11520,485,6805439,52341200,가방,무신사
INF-2602-387,나노_080,인스타그램,9804,나노,피드,2026-02-25,8647,433,60,189,25,257,22,57619,4041752,데님,29CM
INF-2602-291,마이크로_140,틱톡,56018,마이크로,라이브,2026-02-15,55582,5344,554,1581,236,1285,116,717245,16655280,니트/스웨터,무신사
INF-2602-364,나노_057,인스타그램,2449,나노,쇼츠,2026-02-15,2685,216,25,44,12,103,14,244428,2311778,뷰티,무신사
INF-2602-237,마이크로_106,인스타그램,54921,마이크로,쇼츠,2026-02-04,69349,2524,171,799,120,1090,110,1312242,11233750,가방,29CM
INF-2602-285,마이크로_136,틱톡,38647,마이크로,쇼츠,2026-02-25,40061,3308,344,644,179,1222,109,1333193,17473027,뷰티,29CM
INF-2602-090,마이크로_010,인스타그램,69050,마이크로,스토리,2026-02-12,102115,5635,645,607,368,4061,371,1020241,61188288,스니커즈,무신사
INF-2602-213,마이크로_091,인스타그램,35260,마이크로,쇼츠,2026-02-18,52394,1629,243,367,116,1123,128,464350,12004224,가방,무신사
