게시물ID,채널,계정,게시일,콘텐츠유형,콘텐츠테마,노출수,좋아요,댓글수,저장수,공유수,프로필방문,팔로워증감
SNS-2602-0001,인스타그램,@musinsa_official,2026-02-01,릴스,상품소개,3253915,256861,40720,55321,9142,21986,12
SNS-2602-0002,인스타그램,@musinsa_official,2026-02-01,릴스,PT컬렉션,2900920,213926,25176,30075,4566,23886,85
SNS-2602-0003,인스타그램,@musinsa_official,2026-02-01,카루셀,이벤트,1080754,49637,9386,62616,1935,15826,120
SNS-2602-0004,인스타그램,@musinsa_official,2026-02-01,스토리,UGC리포스트,408349,9301,1705,2642,389,6953,73
SNS-2602-0005,인스타그램,@musinsa_official,2026-02-01,릴스,상품소개,3540436,263548,50482,41094,11514,21833,20
SNS-2602-0006,인스타그램,@29cm_official,2026-02-01,릴스,에디토리얼,1779142,196485,23632,31218,3589,26609,-8
SNS-2602-0007,유튜브,@29cm_official,2026-02-01,쇼츠,UGC리포스트,842174,81391,14537,10479,1248,14093,38
SNS-2602-0008,인스타그램,@29cm_official,2026-02-01,릴스,이벤트,1296415,135307,13531,24105,3020,23787,56
SNS-2602-0009,인스타그램,@29cm_official,2026-02-01,스토리,UGC리포스트,182067,5068,550,672,159,1721,49
SNS-2602-0010,인스타그램,@29cm_official,2026-02-01,릴스,PT컬렉션,1329482,91224,31886,47623,3621,9809,22
SNS-2602-0011,인스타그램,@29cm_official,2026-02-01,피드,PT컬렉션,261224,15182,3724,7188,612,3194,-1
SNS-2602-0012,인스타그램,@29cm_official,2026-02-01,카루셀,브랜드스토리,344798,22904,5523,30096,822,3245,16
SNS-2602-0013,인스타그램,@29cm_official,2026-02-01,스토리,브랜드스토리,129372,5388,508,1090,158,1375,26
SNS-2602-0014,인스타그램,@musinsa_official,2026-02-02,릴스,룩북,4199363,216695,52522,74218,8544,80554,-3
SNS-2602-0015,인스타그램,@musinsa_official,2026-02-02,피드,룩북,498102,20622,2691,16317,879,5258,3
SNS-2602-0016,인스타그램,@musinsa_official,2026-02-02,스토리,에디토리얼,472321,13681,1073,3245,413,3023,-15
SNS-2602-0017,인스타그램,@musinsa_official,2026-02-02,스토리,룩북,327649,7465,1128,2206,359,3682,120
SNS-2602-0018,인스타그램,@musinsa_official,2026-02-02,카루셀,브랜드스토리,1114966,52229,10866,45799,1780,13981,37
SNS-2602-0019,인스타그램,@musinsa_official,2026-02-02,피드,이벤트,581431,27243,3262,15848,1170,9639,103
SNS-2602-0020,인스타그램,@musinsa_official,2026-02-02,릴스,상품소개,4420809,339867,50045,87176,7583,73075,57
SNS-2602-0021,인스타그램,@musinsa_official,2026-02-02,피드,이벤트,524707,23256,3056,10555,1376,9598,115
SNS-2602-0022,인스타그램,@29cm_official,2026-02-02,스토리,에디토리얼,209898,5601,1492,2280,225,2564,18
SNS-2602-0023,인스타그램,@29cm_official,2026-02-02,스토리,에디토리얼,109695,3162,556,727,84,1658,92
SNS-2602-0024,인스타그램,@29cm_official,2026-02-02,스토리,에디토리얼,210589,8272,1251,2254,308,2356,-1
SNS-2602-0025,인스타그램,@29cm_official,2026-02-02,카루셀,에디토리얼,445891,31988,3828,28875,553,8095,11
SNS-2602-0026,틱톡,@29cm_official,2026-02-02,쇼츠,에디토리얼,1494768,171665,24600,19920,6211,26470,48
SNS-2602-0027,인스타그램,@musinsa_official,2026-02-03,릴스,이벤트,4381736,241218,31603,85304,5452,42399,84
SNS-2602-0028,인스타그램,@musinsa_official,2026-02-03,스토리,룩북,291838,8508,475,1571,500,2724,148
SNS-2602-0029,인스타그램,@musinsa_official,2026-02-03,릴스,UGC리포스트,3807320,233097,19577,70528,11375,27814,114
SNS-2602-0030,인스타그램,@musinsa_official,2026-02-03,피드,룩북,467153,15295,1655,8778,326,4076,104
SNS-2602-0031,인스타그램,@musinsa_official,2026-02-03,카루셀,브랜드스토리,766140,33906,8173,36569,1426,9301,39
SNS-2602-0032,인스타그램,@musinsa_official,2026-02-03,릴스,이벤트,4174277,329718,54347,91499,12495,59042,105
SNS-2602-0033,유튜브,@29cm_official,2026-02-03,쇼츠,룩북,834507,115047,20891,23713,4322,10063,-4
SNS-2602-0034,인스타그램,@29cm_official,2026-02-03,피드,에디토리얼,174109,8887,1556,7446,325,1866,-1
SNS-2602-0035,인스타그램,@29cm_official,2026-02-03,릴스,룩북,1833991,183472,38462,29202,5240,31985,3
SNS-2602-0036,인스타그램,@29cm_official,2026-02-03,스토리,브랜드스토리,112948,1950,688,907,40,2223,95
SNS-2602-0037,인스타그램,@29cm_official,2026-02-03,릴스,상품소개,1845795,189387,37251,64780,7622,29549,86
SNS-2602-0038,인스타그램,@29cm_official,2026-02-03,스토리,룩북,110323,3961,822,763,115,1340,-2
SNS-2602-0039,인스타그램,@29cm_official,2026-02-03,릴스,에디토리얼,1549320,93646,32014,56011,3992,13077,17
SNS-2602-0040,인스타그램,@29cm_official,2026-02-03,피드,PT컬렉션,287102,15160,1811,14812,472,2853,98
SNS-2602-0041,인스타그램,@musinsa_official,2026-02-04,릴스,브랜드스토리,4840519,287465,66200,59727,9506,86195,132
SNS-2602-0042,인스타그램,@musinsa_official,2026-02-04,피드,에디토리얼,446439,15496,2200,13293,868,2792,112
SNS-2602-0043,유튜브,@musinsa_official,2026-02-04,쇼츠,UGC리포스트,4071360,373309,45438,58214,12413,48852,68
SNS-2602-0044,인스타그램,@musinsa_official,2026-02-04,스토리,상품소개,366752,10876,617,1045,327,6055,87
SNS-2602-0045,인스타그램,@musinsa_official,2026-02-04,릴스,PT컬렉션,3505737,172081,40647,68152,5420,40804,11
SNS-2602-0046,인스타그램,@musinsa_official,2026-02-04,카루셀,룩북,845150,29650,3493,27638,837,14392,13
SNS-2602-0047,인스타그램,@29cm_official,2026-02-04,릴스,상품소개,1463050,118767,31172,47814,3265,14057,15
SNS-2602-0048,인스타그램,@29cm_official,2026-02-04,피드,브랜드스토리,162436,13043,1897,3868,497,1541,62
SNS-2602-0049,틱톡,@29cm_official,2026-02-04,쇼츠,PT컬렉션,1113126,112912,32129,16855,2833,16130,94
SNS-2602-0050,인스타그램,@29cm_official,2026-02-04,카루셀,브랜드스토리,526189,41206,9475,38772,891,8272,7
SNS-2602-0051,인스타그램,@29cm_official,2026-02-04,피드,이벤트,217575,16725,1825,8172,365,2082,58
SNS-2602-0052,인스타그램,@29cm_official,2026-02-04,스토리,UGC리포스트,111108,3694,817,783,89,979,69
SNS-2602-0053,인스타그램,@musinsa_official,2026-02-05,카루셀,PT컬렉션,828336,55342,6389,30192,3181,13794,99
SNS-2602-0054,인스타그램,@musinsa_official,2026-02-05,피드,PT컬렉션,996714,37587,8108,27540,944,17859,132
SNS-2602-0055,인스타그램,@musinsa_official,2026-02-05,스토리,에디토리얼,588464,13988,1395,2148,312,10818,-13
SNS-2602-0056,인스타그램,@musinsa_official,2026-02-05,릴스,이벤트,4190161,310036,30742,68030,15586,77045,124
SNS-2602-0057,인스타그램,@musinsa_official,2026-02-05,피드,PT컬렉션,969667,45209,6663,33613,1293,19105,58
SNS-2602-0058,유튜브,@musinsa_official,2026-02-05,쇼츠,에디토리얼,2589021,179625,36702,25742,4544,42513,133
SNS-2602-0059,인스타그램,@29cm_official,2026-02-05,스토리,PT컬렉션,194606,6379,688,2161,118,988,25
SNS-2602-0060,인스타그램,@29cm_official,2026-02-05,카루셀,에디토리얼,292173,17648,4246,21546,289,4140,51
SNS-2602-0061,유튜브,@29cm_official,2026-02-05,쇼츠,브랜드스토리,1531379,201168,22988,20553,7177,19792,99
SNS-2602-0062,인스타그램,@29cm_official,2026-02-05,릴스,에디토리얼,1299510,117130,13731,21636,2872,15515,58
SNS-2602-0063,인스타그램,@29cm_official,2026-02-05,피드,PT컬렉션,361232,21975,4312,8373,870,6250,94
SNS-2602-0064,인스타그램,@29cm_official,2026-02-05,릴스,에디토리얼,1796883,137921,15480,64897,4163,11476,-9
SNS-2602-0065,인스타그램,@29cm_official,2026-02-05,피드,브랜드스토리,209495,9109,2083,6129,325,3175,45
SNS-2602-0066,인스타그램,@29cm_official,2026-02-05,릴스,상품소개,1577512,143862,26592,53271,4217,16942,21
SNS-2602-0067,인스타그램,@musinsa_official,2026-02-06,피드,PT컬렉션,559664,27558,2022,11153,1374,6649,38
SNS-2602-0068,인스타그램,@musinsa_official,2026-02-06,카루셀,브랜드스토리,1414902,93096,11044,45774,2266,25125,27
SNS-2602-0069,인스타그램,@musinsa_official,2026-02-06,스토리,룩북,354225,7735,397,1508,462,3138,77
SNS-2602-0070,인스타그램,@musinsa_official,2026-02-06,피드,이벤트,543257,28255,4800,16056,1550,3231,107
SNS-2602-0071,인스타그램,@musinsa_official,2026-02-06,스토리,이벤트,300683,6255,1016,1166,202,1733,116
SNS-2602-0072,인스타그램,@musinsa_official,2026-02-06,카루셀,브랜드스토리,900630,49100,7809,40219,1641,15262,130
SNS-2602-0073,인스타그램,@musinsa_official,2026-02-06,스토리,상품소개,310057,4993,1323,1472,212,5934,119
SNS-2602-0074,인스타그램,@musinsa_official,2026-02-06,릴스,룩북,4583906,245672,54637,47652,11312,42142,11
SNS-2602-0075,인스타그램,@29cm_official,2026-02-06,릴스,에디토리얼,1570731,141712,15542,50457,5412,18350,43
SNS-2602-0076,인스타그램,@29cm_official,2026-02-06,카루셀,에디토리얼,523589,26460,5672,40135,791,5636,8
SNS-2602-0077,인스타그램,@29cm_official,2026-02-06,릴스,에디토리얼,1713560,118693,22985,35004,4847,30031,-8
SNS-2602-0078,인스타그램,@29cm_official,2026-02-06,스토리,이벤트,179757,6231,1371,1501,242,1393,100
SNS-2602-0079,인스타그램,@29cm_official,2026-02-06,릴스,UGC리포스트,1768963,147352,35275,30733,5545,13040,50
SNS-2602-0080,인스타그램,@musinsa_official,2026-02-07,스토리,에디토리얼,296824,8903,1173,801,336,2026,40
SNS-2602-0081,인스타그램,@musinsa_official,2026-02-07,릴스,이벤트,3970819,224153,55258,89282,10149,27259,2
SNS-2602-0082,인스타그램,@musinsa_official,2026-02-07,피드,이벤트,608870,22289,3938,15801,508,11554,39
SNS-2602-0083,유튜브,@musinsa_official,2026-02-07,쇼츠,UGC리포스트,2865647,243051,40583,43024,13737,53615,51
SNS-2602-0084,인스타그램,@musinsa_official,2026-02-07,스토리,상품소개,518878,6995,1418,3284,275,7349,51
SNS-2602-0085,인스타그램,@musinsa_official,2026-02-07,카루셀,브랜드스토리,851785,33529,3968,29494,1534,12134,120
SNS-2602-0086,인스타그램,@musinsa_official,2026-02-07,카루셀,이벤트,1242031,74060,10516,42968,3539,15179,6
SNS-2602-0087,인스타그램,@musinsa_official,2026-02-07,릴스,룩북,4226139,302622,23122,79657,16478,68587,70
SNS-2602-0088,인스타그램,@29cm_official,2026-02-07,피드,PT컬렉션,292783,20707,3508,15342,619,5705,56
SNS-2602-0089,인스타그램,@29cm_official,2026-02-07,피드,PT컬렉션,254163,19444,1892,6475,780,1603,53
SNS-2602-0090,인스타그램,@29cm_official,2026-02-07,카루셀,에디토리얼,355896,17935,4038,29515,307,1999,103
SNS-2602-0091,인스타그램,@29cm_official,2026-02-07,스토리,UGC리포스트,148329,2780,886,1431,83,2670,11
SNS-2602-0092,인스타그램,@29cm_official,2026-02-07,피드,UGC리포스트,239319,10988,3011,5827,295,4110,96
SNS-2602-0093,인스타그램,@29cm_official,2026-02-07,릴스,룩북,1603352,135683,30312,58438,3132,28934,-9
SNS-2602-0094,인스타그램,@29cm_official,2026-02-07,피드,에디토리얼,235471,16569,3496,8481,468,4427,7
SNS-2602-0095,인스타그램,@29cm_official,2026-02-07,스토리,상품소개,201194,7030,1340,2173,201,1298,29
SNS-2602-0096,인스타그램,@musinsa_official,2026-02-08,릴스,에디토리얼,4552419,343958,54892,58966,11454,72924,98
SNS-2602-0097,인스타그램,@musinsa_official,2026-02-08,카루셀,브랜드스토리,1002783,65799,7646,31839,3493,18045,-15
SNS-2602-0098,인스타그램,@musinsa_official,2026-02-08,스토리,에디토리얼,384809,7132,1826,2098,334,2035,72
SNS-2602-0099,인스타그램,@musinsa_official,2026-02-08,릴스,상품소개,2758789,115566,27943,44544,3911,48860,33
SNS-2602-0100,인스타그램,@musinsa_official,2026-02-08,피드,룩북,1006875,45202,9121,28162,1373,7762,49
SNS-2602-0101,인스타그램,@musinsa_official,2026-02-08,카루셀,룩북,1392158,58251,10423,53606,3131,13608,79
SNS-2602-0102,인스타그램,@musinsa_official,2026-02-08,릴스,상품소개,4798758,297940,56932,48543,12080,31600,141
SNS-2602-0103,인스타그램,@29cm_official,2026-02-08,카루셀,에디토리얼,483495,37472,7060,32130,1141,6086,88
SNS-2602-0104,틱톡,@29cm_official,2026-02-08,쇼츠,PT컬렉션,1500198,118515,31107,18075,4563,28993,69
SNS-2602-0105,인스타그램,@29cm_official,2026-02-08,스토리,상품소개,109125,1625,537,1026,54,1068,8
SNS-2602-0106,인스타그램,@29cm_official,2026-02-08,피드,PT컬렉션,335319,18783,4185,13728,358,2216,58
SNS-2602-0107,인스타그램,@29cm_official,2026-02-08,스토리,이벤트,106294,4309,305,516,165,1755,67
SNS-2602-0108,인스타그램,@musinsa_official,2026-02-09,릴스,이벤트,2900939,228757,36082,58440,8479,22440,68
SNS-2602-0109,인스타그램,@musinsa_official,2026-02-09,카루셀,PT컬렉션,1489584,74192,10366,48835,3023,10297,91
SNS-2602-0110,인스타그램,@musinsa_official,2026-02-09,스토리,이벤트,467854,7837,1185,2609,299,5629,64
SNS-2602-0111,인스타그램,@musinsa_official,2026-02-09,카루셀,PT컬렉션,845148,34672,4009,44067,2004,7868,39
SNS-2602-0112,인스타그램,@musinsa_official,2026-02-09,피드,UGC리포스트,536758,20663,1656,13133,1232,6031,142
SNS-2602-0113,인스타그램,@29cm_official,2026-02-09,피드,UGC리포스트,227541,16675,2182,7272,575,2976,6
SNS-2602-0114,인스타그램,@29cm_official,2026-02-09,스토리,UGC리포스트,158518,4947,819,727,177,2919,44
SNS-2602-0115,인스타그램,@29cm_official,2026-02-09,피드,브랜드스토리,265520,20311,3950,8772,416,1586,-2
SNS-2602-0116,인스타그램,@29cm_official,2026-02-09,피드,UGC리포스트,172070,12318,1627,7450,394,3234,25
SNS-2602-0117,인스타그램,@29cm_official,2026-02-09,피드,PT컬렉션,267367,16753,1966,6711,401,2292,78
SNS-2602-0118,유튜브,@29cm_official,2026-02-09,쇼츠,에디토리얼,1010897,129582,13433,18838,3549,18660,95
SNS-2602-0119,틱톡,@29cm_official,2026-02-09,쇼츠,PT컬렉션,1137265,110054,23766,16860,3814,6413,60
SNS-2602-0120,인스타그램,@29cm_official,2026-02-09,릴스,이벤트,1186858,106799,13558,27838,4134,14604,31
SNS-2602-0121,인스타그램,@musinsa_official,2026-02-10,스토리,UGC리포스트,559637,13248,1123,3084,742,9088,8
SNS-2602-0122,인스타그램,@musinsa_official,2026-02-10,릴스,이벤트,4346766,330720,31202,103264,10257,62306,42
SNS-2602-0123,인스타그램,@musinsa_official,2026-02-10,스토리,PT컬렉션,428788,8381,1602,3223,330,6565,14
SNS-2602-0124,유튜브,@musinsa_official,2026-02-10,쇼츠,PT컬렉션,2573725,214174,34090,32775,12003,39982,4
SNS-2602-0125,틱톡,@musinsa_official,2026-02-10,쇼츠,이벤트,3134140,280612,43817,59146,12596,40396,111
SNS-2602-0126,인스타그램,@29cm_official,2026-02-10,스토리,브랜드스토리,176092,6041,979,1921,166,2415,0
SNS-2602-0127,인스타그램,@29cm_official,2026-02-10,릴스,UGC리포스트,1840686,165090,23374,30385,6450,10698,53
SNS-2602-0128,유튜브,@29cm_official,2026-02-10,쇼츠,상품소개,1310893,144165,25697,16219,5603,25485,22
SNS-2602-0129,인스타그램,@29cm_official,2026-02-10,카루셀,에디토리얼,563890,38474,9790,39127,1275,7948,79
SNS-2602-0130,인스타그램,@29cm_official,2026-02-10,릴스,PT컬렉션,1864383,202475,24787,54874,8654,33882,10
SNS-2602-0131,인스타그램,@29cm_official,2026-02-10,스토리,상품소개,101035,2667,424,1069,114,843,46
SNS-2602-0132,인스타그램,@29cm_official,2026-02-10,피드,룩북,243677,14708,1848,12715,526,2744,-1
SNS-2602-0133,인스타그램,@musinsa_official,2026-02-11,스토리,룩북,455799,5047,1864,1474,294,5989,81
SNS-2602-0134,인스타그램,@musinsa_official,2026-02-11,릴스,이벤트,4465178,258738,44246,54855,15005,85287,30
SNS-2602-0135,인스타그램,@musinsa_official,2026-02-11,피드,에디토리얼,615915,32346,6128,18123,1924,4192,30
SNS-2602-0136,유튜브,@musinsa_official,2026-02-11,쇼츠,상품소개,3578405,233342,63972,56142,12766,56175,72
SNS-2602-0137,유튜브,@musinsa_official,2026-02-11,쇼츠,룩북,2503786,248473,21548,35648,8266,47169,59
SNS-2602-0138,유튜브,@musinsa_official,2026-02-11,쇼츠,상품소개,3968756,253934,78282,53236,7261,62491,26
SNS-2602-0139,인스타그램,@29cm_official,2026-02-11,스토리,룩북,123869,2443,844,537,39,2262,64
SNS-2602-0140,인스타그램,@29cm_official,2026-02-11,카루셀,PT컬렉션,410351,36722,3478,19848,1028,7482,94
SNS-2602-0141,인스타그램,@29cm_official,2026-02-11,스토리,PT컬렉션,189079,4204,472,2176,133,1224,4
SNS-2602-0142,인스타그램,@29cm_official,2026-02-11,카루셀,에디토리얼,298681,25004,5326,25575,904,5904,73
SNS-2602-0143,인스타그램,@29cm_official,2026-02-11,릴스,UGC리포스트,1175915,83885,10542,40560,3436,16229,0
SNS-2602-0144,인스타그램,@29cm_official,2026-02-11,카루셀,룩북,567623,36685,8065,35559,1028,5191,72
SNS-2602-0145,인스타그램,@29cm_official,2026-02-11,피드,브랜드스토리,314586,25125,3036,11866,475,5207,23
SNS-2602-0146,인스타그램,@29cm_official,2026-02-11,카루셀,상품소개,399537,21466,7078,26304,415,5445,88
SNS-2602-0147,인스타그램,@musinsa_official,2026-02-12,피드,상품소개,854181,37881,6543,25661,1499,4415,12
SNS-2602-0148,인스타그램,@musinsa_official,2026-02-12,카루셀,상품소개,1170807,58348,6189,44841,1953,13624,54
SNS-2602-0149,인스타그램,@musinsa_official,2026-02-12,릴스,브랜드스토리,5021851,244948,52483,87936,12293,56750,53
SNS-2602-0150,인스타그램,@musinsa_official,2026-02-12,스토리,에디토리얼,370765,7890,1464,936,398,4859,118
SNS-2602-0151,인스타그램,@musinsa_official,2026-02-12,스토리,룩북,537922,11845,1637,3325,522,4250,25
SNS-2602-0152,인스타그램,@29cm_official,2026-02-12,스토리,브랜드스토리,114076,2804,809,754,77,1679,22
SNS-2602-0153,인스타그램,@29cm_official,2026-02-12,스토리,에디토리얼,164006,5905,563,1206,201,1770,44
SNS-2602-0154,인스타그램,@29cm_official,2026-02-12,피드,PT컬렉션,373543,20204,1867,14065,417,2708,47
SNS-2602-0155,인스타그램,@29cm_official,2026-02-12,릴스,이벤트,1117082,87155,22385,34153,2175,18326,88
SNS-2602-0156,인스타그램,@29cm_official,2026-02-12,피드,브랜드스토리,376764,26059,3680,9585,945,2735,61
SNS-2602-0157,인스타그램,@29cm_official,2026-02-12,피드,에디토리얼,258200,10869,4072,6988,366,3236,72
SNS-2602-0158,인스타그램,@musinsa_official,2026-02-13,피드,상품소개,884655,45543,6846,20852,1117,10525,130
SNS-2602-0159,인스타그램,@musinsa_official,2026-02-13,카루셀,PT컬렉션,1392249,78580,12285,69252,3950,23436,37
SNS-2602-0160,인스타그램,@musinsa_official,2026-02-13,스토리,상품소개,515372,7686,918,1636,290,5897,111
SNS-2602-0161,인스타그램,@musinsa_official,2026-02-13,카루셀,UGC리포스트,1356997,72287,14014,46802,2928,26317,33
SNS-2602-0162,인스타그램,@musinsa_official,2026-02-13,스토리,룩북,402452,8359,1869,1719,227,2869,65
SNS-2602-0163,인스타그램,@musinsa_official,2026-02-13,피드,에디토리얼,917624,44134,7318,25063,1729,18007,39
SNS-2602-0164,인스타그램,@musinsa_official,2026-02-13,카루셀,브랜드스토리,793109,43852,6489,32760,1782,14953,132
SNS-2602-0165,인스타그램,@29cm_official,2026-02-13,카루셀,에디토리얼,553459,52316,4792,47536,1913,8783,-4
SNS-2602-0166,유튜브,@29cm_official,2026-02-13,쇼츠,에디토리얼,1126660,128644,18424,15307,2045,12463,67
SNS-2602-0167,인스타그램,@29cm_official,2026-02-13,스토리,룩북,164901,4216,731,1551,144,2017,81
SNS-2602-0168,인스타그램,@29cm_official,2026-02-13,릴스,에디토리얼,1585978,127700,35712,41680,4696,29214,26
SNS-2602-0169,인스타그램,@29cm_official,2026-02-13,카루셀,브랜드스토리,345801,28273,2910,19548,717,2016,28
SNS-2602-0170,인스타그램,@musinsa_official,2026-02-14,피드,PT컬렉션,656771,21844,4437,20096,533,8569,84
SNS-2602-0171,인스타그램,@musinsa_official,2026-02-14,피드,브랜드스토리,550827,26114,1735,10886,902,6658,47
SNS-2602-0172,인스타그램,@musinsa_official,2026-02-14,피드,룩북,546316,25415,3458,9805,911,8464,62
SNS-2602-0173,인스타그램,@musinsa_official,2026-02-14,릴스,UGC리포스트,2906671,224249,35080,65842,9042,45578,70
SNS-2602-0174,인스타그램,@musinsa_official,2026-02-14,스토리,상품소개,524307,5526,1828,2900,223,6032,125
SNS-2602-0175,인스타그램,@musinsa_official,2026-02-14,스토리,UGC리포스트,586813,13436,2644,2275,277,5810,48
SNS-2602-0176,인스타그램,@musinsa_official,2026-02-14,릴스,PT컬렉션,3833212,224958,27732,79778,8888,34875,53
SNS-2602-0177,인스타그램,@musinsa_official,2026-02-14,피드,UGC리포스트,1014882,56048,7439,23174,2725,12493,126
SNS-2602-0178,인스타그램,@29cm_official,2026-02-14,피드,에디토리얼,193487,9275,1857,9403,232,2926,43
SNS-2602-0179,인스타그램,@29cm_official,2026-02-14,릴스,PT컬렉션,1436906,91394,29315,45547,3541,17449,60
SNS-2602-0180,틱톡,@29cm_official,2026-02-14,쇼츠,에디토리얼,1411187,167225,36860,23112,4957,7875,42
SNS-2602-0181,인스타그램,@29cm_official,2026-02-14,스토리,PT컬렉션,144299,4421,238,1641,128,2610,13
SNS-2602-0182,인스타그램,@29cm_official,2026-02-14,릴스,PT컬렉션,1288359,72608,10827,37062,2635,18380,0
SNS-2602-0183,유튜브,@29cm_official,2026-02-14,쇼츠,에디토리얼,1493299,197948,23608,21780,4289,14607,63
SNS-2602-0184,인스타그램,@29cm_official,2026-02-14,릴스,에디토리얼,1251558,138251,29748,27478,5003,9816,88
SNS-2602-0185,틱톡,@29cm_official,2026-02-14,쇼츠,UGC리포스트,1251207,105019,38542,20385,1737,14400,44
SNS-2602-0186,인스타그램,@musinsa_official,2026-02-15,릴스,브랜드스토리,4431920,296727,41454,68871,6707,77967,33
SNS-2602-0187,유튜브,@musinsa_official,2026-02-15,쇼츠,브랜드스토리,3841636,291752,53076,32624,15251,56556,-4
SNS-2602-0188,인스타그램,@musinsa_official,2026-02-15,스토리,이벤트,588710,13974,1949,3300,744,4226,50
SNS-2602-0189,인스타그램,@musinsa_official,2026-02-15,릴스,UGC리포스트,3674053,293803,37454,69944,12696,49513,14
SNS-2602-0190,인스타그램,@musinsa_official,2026-02-15,카루셀,이벤트,1478298,52125,13502,68851,1160,10595,108
SNS-2602-0191,인스타그램,@musinsa_official,2026-02-15,릴스,룩북,3527478,148462,50643,74643,6359,25562,84
SNS-2602-0192,인스타그램,@musinsa_official,2026-02-15,피드,룩북,859086,34893,8583,22632,1152,12198,121
SNS-2602-0193,인스타그램,@musinsa_official,2026-02-15,카루셀,이벤트,911048,62540,7975,33940,3611,15897,70
SNS-2602-0194,인스타그램,@29cm_official,2026-02-15,릴스,PT컬렉션,1699938,181298,31046,61533,6150,18004,77
SNS-2602-0195,인스타그램,@29cm_official,2026-02-15,릴스,룩북,1343146,86737,11334,43896,3040,23512,56
SNS-2602-0196,틱톡,@29cm_official,2026-02-15,쇼츠,PT컬렉션,1300917,170436,25660,35727,3109,23863,25
SNS-2602-0197,인스타그램,@29cm_official,2026-02-15,카루셀,룩북,531121,37287,3774,47449,916,10499,96
SNS-2602-0198,인스타그램,@29cm_official,2026-02-15,스토리,UGC리포스트,178421,5975,774,1312,237,1461,70
SNS-2602-0199,인스타그램,@29cm_official,2026-02-15,릴스,룩북,1052370,94400,16627,21130,1758,14211,91
SNS-2602-0200,인스타그램,@29cm_official,2026-02-15,피드,에디토리얼,194138,13811,2598,7666,563,2099,-11
SNS-2602-0201,인스타그램,@29cm_official,2026-02-15,피드,에디토리얼,363060,19395,2032,16492,759,2835,102
SNS-2602-0202,인스타그램,@musinsa_official,2026-02-16,스토리,에디토리얼,452501,5708,1625,2973,144,5554,29
SNS-2602-0203,유튜브,@musinsa_official,2026-02-16,쇼츠,이벤트,3788425,369063,66170,30645,20759,49471,5
SNS-2602-0204,인스타그램,@musinsa_official,2026-02-16,피드,에디토리얼,521675,23330,4929,16123,660,5627,30
SNS-2602-0205,인스타그램,@musinsa_official,2026-02-16,스토리,브랜드스토리,430090,6574,694,1800,215,8372,121
SNS-2602-0206,인스타그램,@musinsa_official,2026-02-16,피드,UGC리포스트,741228,38868,7196,24759,840,4257,72
SNS-2602-0207,유튜브,@29cm_official,2026-02-16,쇼츠,브랜드스토리,1235580,114826,35556,34068,1814,7892,42
SNS-2602-0208,틱톡,@29cm_official,2026-02-16,쇼츠,UGC리포스트,1163245,90101,29086,34087,2456,22682,35
SNS-2602-0209,틱톡,@29cm_official,2026-02-16,쇼츠,PT컬렉션,1503930,208430,44409,21145,6965,26534,6
SNS-2602-0210,인스타그램,@29cm_official,2026-02-16,릴스,이벤트,1532757,136812,18454,38652,2093,27612,58
SNS-2602-0211,인스타그램,@29cm_official,2026-02-16,릴스,PT컬렉션,1339718,107149,22577,28851,3930,20103,28
SNS-2602-0212,인스타그램,@29cm_official,2026-02-16,카루셀,브랜드스토리,326346,30879,4161,21052,974,5985,96
SNS-2602-0213,인스타그램,@29cm_official,2026-02-16,릴스,PT컬렉션,1230309,122215,12456,43203,3705,21556,18
SNS-2602-0214,인스타그램,@musinsa_official,2026-02-17,카루셀,상품소개,771559,44507,3683,32056,1175,9838,83
SNS-2602-0215,인스타그램,@musinsa_official,2026-02-17,스토리,상품소개,437748,4901,1092,1418,115,4557,141
SNS-2602-0216,인스타그램,@musinsa_official,2026-02-17,릴스,UGC리포스트,5045048,271526,30960,58719,10255,25589,104
SNS-2602-0217,인스타그램,@musinsa_official,2026-02-17,피드,상품소개,536657,21037,5284,14249,581,4058,24
SNS-2602-0218,인스타그램,@musinsa_official,2026-02-17,스토리,UGC리포스트,557221,13899,1632,2385,617,10910,84
SNS-2602-0219,인스타그램,@musinsa_official,2026-02-17,릴스,에디토리얼,2983907,181689,25098,72225,10822,56679,49
SNS-2602-0220,인스타그램,@musinsa_official,2026-02-17,릴스,이벤트,3099440,211402,25232,62677,8418,16199,94
SNS-2602-0221,인스타그램,@29cm_official,2026-02-17,피드,PT컬렉션,353817,17761,3587,14061,466,5727,47
SNS-2602-0222,인스타그램,@29cm_official,2026-02-17,카루셀,에디토리얼,515203,26647,4118,44007,944,4604,44
SNS-2602-0223,인스타그램,@29cm_official,2026-02-17,카루셀,UGC리포스트,339424,21840,4713,29770,390,2229,9
SNS-2602-0224,인스타그램,@29cm_official,2026-02-17,릴스,브랜드스토리,1485265,83678,34761,50514,1403,17483,102
SNS-2602-0225,틱톡,@29cm_official,2026-02-17,쇼츠,브랜드스토리,1044749,88660,18296,25495,2152,8032,2
SNS-2602-0226,인스타그램,@29cm_official,2026-02-17,릴스,PT컬렉션,1377964,129112,19392,49971,5510,14138,70
SNS-2602-0227,인스타그램,@29cm_official,2026-02-17,스토리,룩북,162266,2304,902,780,37,2007,-2
SNS-2602-0228,인스타그램,@29cm_official,2026-02-17,피드,브랜드스토리,288541,17957,1713,14776,720,1882,90
SNS-2602-0229,인스타그램,@musinsa_official,2026-02-18,피드,UGC리포스트,886007,41003,7976,20088,879,16019,24
SNS-2602-0230,인스타그램,@musinsa_official,2026-02-18,피드,브랜드스토리,857252,47446,5676,22033,1406,10978,-3
SNS-2602-0231,인스타그램,@musinsa_official,2026-02-18,스토리,UGC리포스트,360717,4616,1036,1089,128,6594,132
SNS-2602-0232,인스타그램,@musinsa_official,2026-02-18,릴스,에디토리얼,4916531,351559,60151,77570,10557,24819,-15
SNS-2602-0233,인스타그램,@musinsa_official,2026-02-18,릴스,PT컬렉션,4262495,215122,51712,50577,9553,24354,1
SNS-2602-0234,인스타그램,@musinsa_official,2026-02-18,카루셀,PT컬렉션,876156,32283,4747,43058,1133,13770,15
SNS-2602-0235,유튜브,@musinsa_official,2026-02-18,쇼츠,상품소개,2478446,220850,26429,32518,11988,14594,33
SNS-2602-0236,인스타그램,@29cm_official,2026-02-18,스토리,PT컬렉션,138489,2125,632,859,50,985,60
SNS-2602-0237,틱톡,@29cm_official,2026-02-18,쇼츠,브랜드스토리,1271764,93689,35660,32691,3643,24698,86
SNS-2602-0238,인스타그램,@29cm_official,2026-02-18,스토리,PT컬렉션,203964,3406,1209,1248,108,2348,11
SNS-2602-0239,인스타그램,@29cm_official,2026-02-18,스토리,브랜드스토리,187521,5828,1046,1335,161,3419,42
SNS-2602-0240,인스타그램,@29cm_official,2026-02-18,릴스,PT컬렉션,1840188,142905,17403,30453,4552,11658,21
SNS-2602-0241,인스타그램,@29cm_official,2026-02-18,스토리,에디토리얼,220603,9129,572,1377,205,3837,62
SNS-2602-0242,인스타그램,@29cm_official,2026-02-18,카루셀,브랜드스토리,462697,37609,3950,31660,756,8219,94
SNS-2602-0243,인스타그램,@29cm_official,2026-02-18,카루셀,PT컬렉션,551614,35154,9715,38779,670,5455,100
SNS-2602-0244,인스타그램,@musinsa_official,2026-02-19,릴스,에디토리얼,3240496,187326,27718,50205,4511,41231,111
SNS-2602-0245,인스타그램,@musinsa_official,2026-02-19,스토리,룩북,483234,14451,873,1511,572,5485,96
SNS-2602-0246,인스타그램,@musinsa_official,2026-02-19,릴스,브랜드스토리,4424743,190843,27770,48985,5530,72576,112
SNS-2602-0247,인스타그램,@musinsa_official,2026-02-19,피드,PT컬렉션,550079,29325,4673,10215,939,8832,34
SNS-2602-0248,인스타그램,@musinsa_official,2026-02-19,스토리,상품소개,353097,9007,821,2367,284,4448,140
SNS-2602-0249,인스타그램,@musinsa_official,2026-02-19,카루셀,룩북,1432735,98816,12171,48449,2571,25809,35
SNS-2602-0250,인스타그램,@musinsa_official,2026-02-19,카루셀,브랜드스토리,843448,39604,5053,44421,1065,5027,-4
SNS-2602-0251,인스타그램,@29cm_official,2026-02-19,카루셀,에디토리얼,347689,23506,6432,15978,863,6707,88
SNS-2602-0252,인스타그램,@29cm_official,2026-02-19,스토리,에디토리얼,221753,9139,716,868,224,3701,60
SNS-2602-0253,인스타그램,@29cm_official,2026-02-19,카루셀,PT컬렉션,280587,24759,4737,14676,983,4415,23
SNS-2602-0254,인스타그램,@29cm_official,2026-02-19,릴스,에디토리얼,1052673,106883,18464,21105,2110,14034,32
SNS-2602-0255,틱톡,@29cm_official,2026-02-19,쇼츠,상품소개,1455071,165810,30147,43629,2973,13713,42
SNS-2602-0256,인스타그램,@29cm_official,2026-02-19,릴스,UGC리포스트,1580161,112085,15792,45669,3165,28329,74
SNS-2602-0257,인스타그램,@musinsa_official,2026-02-20,스토리,이벤트,581402,13709,2067,3819,329,4464,117
SNS-2602-0258,인스타그램,@musinsa_official,2026-02-20,릴스,상품소개,4861241,331782,43422,73236,17161,54532,-10
SNS-2602-0259,인스타그램,@musinsa_official,2026-02-20,릴스,룩북,3536583,245594,42640,39957,13521,62920,93
SNS-2602-0260,인스타그램,@musinsa_official,2026-02-20,카루셀,에디토리얼,890240,37397,7465,36161,1257,6289,123
SNS-2602-0261,인스타그램,@musinsa_official,2026-02-20,피드,룩북,805110,28057,4562,26238,1547,8007,52
SNS-2602-0262,인스타그램,@29cm_official,2026-02-20,릴스,브랜드스토리,1547479,140033,23115,44347,2313,24549,-11
SNS-2602-0263,인스타그램,@29cm_official,2026-02-20,피드,UGC리포스트,370110,30951,4136,15063,634,4763,4
SNS-2602-0264,인스타그램,@29cm_official,2026-02-20,릴스,브랜드스토리,1818856,159724,30904,60760,5394,16539,7
SNS-2602-0265,인스타그램,@29cm_official,2026-02-20,릴스,UGC리포스트,1628097,91973,16723,27756,2199,20215,44
SNS-2602-0266,틱톡,@29cm_official,2026-02-20,쇼츠,UGC리포스트,968593,81657,15481,19878,1471,16105,91
SNS-2602-0267,틱톡,@29cm_official,2026-02-20,쇼츠,에디토리얼,1447429,196075,28780,31420,6980,11851,1
SNS-2602-0268,인스타그램,@musinsa_official,2026-02-21,스토리,상품소개,490977,8391,2156,1230,403,4318,98
SNS-2602-0269,인스타그램,@musinsa_official,2026-02-21,스토리,브랜드스토리,572857,14138,2141,2143,396,3020,70
SNS-2602-0270,인스타그램,@musinsa_official,2026-02-21,피드,브랜드스토리,819493,47503,6361,28654,2417,9763,126
SNS-2602-0271,인스타그램,@musinsa_official,2026-02-21,릴스,이벤트,4897703,302833,52807,73270,10696,57648,28
SNS-2602-0272,인스타그램,@musinsa_official,2026-02-21,스토리,에디토리얼,356793,5393,586,927,230,5900,22
SNS-2602-0273,인스타그램,@29cm_official,2026-02-21,릴스,PT컬렉션,1638913,180369,27486,26256,3292,32014,-13
SNS-2602-0274,인스타그램,@29cm_official,2026-02-21,카루셀,에디토리얼,432498,35648,3032,30637,1394,6890,96
SNS-2602-0275,인스타그램,@29cm_official,2026-02-21,스토리,PT컬렉션,134653,2276,216,1357,68,702,0
SNS-2602-0276,인스타그램,@29cm_official,2026-02-21,피드,PT컬렉션,221097,10785,2550,7638,221,2480,-1
SNS-2602-0277,인스타그램,@29cm_official,2026-02-21,피드,상품소개,190387,13529,2382,8277,479,1461,46
SNS-2602-0278,인스타그램,@musinsa_official,2026-02-22,릴스,이벤트,3287552,164838,34087,37000,5163,47460,15
SNS-2602-0279,인스타그램,@musinsa_official,2026-02-22,카루셀,상품소개,1469734,87412,15550,79592,3147,21708,140
SNS-2602-0280,인스타그램,@musinsa_official,2026-02-22,피드,룩북,908765,54404,5926,16847,2324,12015,120
SNS-2602-0281,인스타그램,@musinsa_official,2026-02-22,릴스,룩북,3331983,263819,29460,39463,8016,24634,117
SNS-2602-0282,인스타그램,@musinsa_official,2026-02-22,카루셀,에디토리얼,1094984,44509,9705,60510,1935,5726,91
SNS-2602-0283,인스타그램,@musinsa_official,2026-02-22,릴스,상품소개,4760299,209741,63342,70320,4844,57303,146
SNS-2602-0284,인스타그램,@musinsa_official,2026-02-22,릴스,UGC리포스트,3671647,166733,49405,86025,4930,51323,-20
SNS-2602-0285,인스타그램,@musinsa_official,2026-02-22,피드,상품소개,608486,30068,3817,14951,1017,7247,74
SNS-2602-0286,인스타그램,@29cm_official,2026-02-22,릴스,이벤트,1092822,103096,14395,22296,1545,8737,18
SNS-2602-0287,인스타그램,@29cm_official,2026-02-22,카루셀,룩북,514517,32058,8320,44365,519,9703,28
SNS-2602-0288,인스타그램,@29cm_official,2026-02-22,피드,상품소개,293245,18512,3411,15279,661,4511,14
SNS-2602-0289,인스타그램,@29cm_official,2026-02-22,피드,에디토리얼,179468,9818,1288,7230,374,976,22
SNS-2602-0290,유튜브,@29cm_official,2026-02-22,쇼츠,PT컬렉션,997411,94658,20062,18120,3675,15601,62
SNS-2602-0291,인스타그램,@29cm_official,2026-02-22,피드,PT컬렉션,357493,25611,3032,16053,586,2692,77
SNS-2602-0292,인스타그램,@29cm_official,2026-02-22,릴스,브랜드스토리,1806098,170619,38454,47877,4002,14095,92
SNS-2602-0293,인스타그램,@29cm_official,2026-02-22,카루셀,에디토리얼,483850,37840,5612,42969,1033,6409,100
SNS-2602-0294,인스타그램,@musinsa_official,2026-02-23,릴스,룩북,4292582,222218,62439,61497,5721,81320,144
SNS-2602-0295,인스타그램,@musinsa_official,2026-02-23,피드,룩북,449340,17634,4430,11260,358,8626,65
SNS-2602-0296,인스타그램,@musinsa_official,2026-02-23,릴스,PT컬렉션,3051905,182802,15898,39197,5625,20525,6
SNS-2602-0297,인스타그램,@musinsa_official,2026-02-23,릴스,상품소개,3432941,189555,37941,54765,10017,38452,56
SNS-2602-0298,인스타그램,@musinsa_official,2026-02-23,피드,상품소개,515908,16624,4838,11930,961,7874,52
SNS-2602-0299,인스타그램,@musinsa_official,2026-02-23,피드,브랜드스토리,673816,33310,5642,18343,1243,10030,79
SNS-2602-0300,인스타그램,@musinsa_official,2026-02-23,카루셀,상품소개,1467947,71230,11905,75272,1438,24689,39
SNS-2602-0301,인스타그램,@musinsa_official,2026-02-23,릴스,PT컬렉션,3794875,269417,46929,91683,11317,26649,4
SNS-2602-0302,인스타그램,@29cm_official,2026-02-23,릴스,이벤트,1575342,125008,34302,27904,3809,9542,93
SNS-2602-0303,인스타그램,@29cm_official,2026-02-23,스토리,PT컬렉션,141034,3190,640,958,56,1584,-7
SNS-2602-0304,인스타그램,@29cm_official,2026-02-23,카루셀,UGC리포스트,360409,29863,4144,29502,866,2796,14
SNS-2602-0305,인스타그램,@29cm_official,2026-02-23,피드,에디토리얼,250489,13748,1438,5716,555,2689,51
SNS-2602-0306,인스타그램,@29cm_official,2026-02-23,릴스,브랜드스토리,1283853,140145,21112,20584,4193,12870,-6
SNS-2602-0307,인스타그램,@29cm_official,2026-02-23,릴스,에디토리얼,1741397,183183,20131,54954,7618,27950,-1
SNS-2602-0308,인스타그램,@29cm_official,2026-02-23,피드,에디토리얼,165491,12808,1051,4887,376,2851,50
SNS-2602-0309,인스타그램,@29cm_official,2026-02-23,피드,에디토리얼,355364,16377,4440,14311,306,6853,68
SNS-2602-0310,인스타그램,@musinsa_official,2026-02-24,릴스,상품소개,4426736,203647,32063,80186,9577,26623,10
SNS-2602-0311,인스타그램,@musinsa_official,2026-02-24,카루셀,브랜드스토리,1523098,84363,15390,67150,4371,19977,149
SNS-2602-0312,인스타그램,@musinsa_official,2026-02-24,카루셀,룩북,1053153,73398,7498,45420,3034,7736,80
SNS-2602-0313,인스타그램,@musinsa_official,2026-02-24,카루셀,이벤트,1287134,53264,11256,53410,2924,22805,84
SNS-2602-0314,인스타그램,@musinsa_official,2026-02-24,릴스,상품소개,3202116,161414,32308,48294,4976,17145,83
SNS-2602-0315,인스타그램,@musinsa_official,2026-02-24,스토리,UGC리포스트,384922,4346,1425,3018,183,3649,124
SNS-2602-0316,인스타그램,@29cm_official,2026-02-24,카루셀,브랜드스토리,480969,26895,4144,34416,445,3908,-13
SNS-2602-0317,인스타그램,@29cm_official,2026-02-24,릴스,브랜드스토리,1074854,77621,10044,33183,1366,21334,99
SNS-2602-0318,인스타그램,@29cm_official,2026-02-24,릴스,룩북,1147218,104437,27454,42985,3738,10546,46
SNS-2602-0319,인스타그램,@29cm_official,2026-02-24,피드,브랜드스토리,349707,17196,2057,16686,327,4677,102
SNS-2602-0320,인스타그램,@29cm_official,2026-02-24,피드,상품소개,373155,19804,5660,17308,514,5639,91
SNS-2602-0321,인스타그램,@musinsa_official,2026-02-25,스토리,에디토리얼,347822,3883,1378,2295,230,2337,147
SNS-2602-0322,인스타그램,@musinsa_official,2026-02-25,피드,이벤트,503965,22768,2202,7700,1275,4939,150
SNS-2602-0323,인스타그램,@musinsa_official,2026-02-25,릴스,에디토리얼,3169392,178870,20877,51394,8795,44418,11
SNS-2602-0324,인스타그램,@musinsa_official,2026-02-25,피드,브랜드스토리,639274,35997,4307,16319,840,7335,60
SNS-2602-0325,인스타그램,@musinsa_official,2026-02-25,카루셀,이벤트,1524310,59679,9546,81231,2899,17008,108
SNS-2602-0326,인스타그램,@musinsa_official,2026-02-25,스토리,상품소개,291172,4018,1088,1665,207,1894,-5
SNS-2602-0327,인스타그램,@musinsa_official,2026-02-25,스토리,PT컬렉션,475620,13696,1467,3402,743,8528,10
SNS-2602-0328,인스타그램,@musinsa_official,2026-02-25,릴스,상품소개,3487478,150828,21648,84288,3582,37524,13
SNS-2602-0329,인스타그램,@29cm_official,2026-02-25,릴스,룩북,1284333,128412,30241,33984,3706,6705,34
SNS-2602-0330,인스타그램,@29cm_official,2026-02-25,스토리,상품소개,184735,4326,564,688,123,1983,-5
SNS-2602-0331,인스타그램,@29cm_official,2026-02-25,피드,룩북,290593,17857,4310,11374,395,3495,67
SNS-2602-0332,인스타그램,@29cm_official,2026-02-25,스토리,브랜드스토리,121441,4944,371,909,197,1968,48
SNS-2602-0333,인스타그램,@29cm_official,2026-02-25,스토리,에디토리얼,156713,6543,1243,1252,128,1999,2
SNS-2602-0334,인스타그램,@29cm_official,2026-02-25,카루셀,PT컬렉션,524347,30129,7577,43786,1145,4988,27
SNS-2602-0335,인스타그램,@29cm_official,2026-02-25,피드,UGC리포스트,287027,18474,3268,7720,436,3211,39
SNS-2602-0336,인스타그램,@musinsa_official,2026-02-26,스토리,룩북,571127,12459,1530,3609,552,4969,72
SNS-2602-0337,인스타그램,@musinsa_official,2026-02-26,릴스,PT컬렉션,2815181,153599,32842,36517,3340,15187,79
SNS-2602-0338,인스타그램,@musinsa_official,2026-02-26,피드,PT컬렉션,708641,29488,6738,16125,1442,9457,48
SNS-2602-0339,인스타그램,@musinsa_official,2026-02-26,피드,브랜드스토리,898726,41479,8431,27787,2445,17046,113
SNS-2602-0340,인스타그램,@musinsa_official,2026-02-26,릴스,UGC리포스트,3339280,203463,44523,36941,4928,36192,80
SNS-2602-0341,인스타그램,@29cm_official,2026-02-26,릴스,PT컬렉션,1229553,130601,10932,28675,2396,23187,74
SNS-2602-0342,인스타그램,@29cm_official,2026-02-26,릴스,룩북,1173541,103223,25412,34768,2665,6318,90
SNS-2602-0343,틱톡,@29cm_official,2026-02-26,쇼츠,PT컬렉션,1267370,170459,39390,26091,5848,22766,-2
SNS-2602-0344,인스타그램,@29cm_official,2026-02-26,릴스,에디토리얼,1729790,137888,36638,61818,2926,20010,3
SNS-2602-0345,인스타그램,@29cm_official,2026-02-26,피드,룩북,284268,14510,2464,14416,508,5355,102
SNS-2602-0346,인스타그램,@29cm_official,2026-02-26,피드,PT컬렉션,168824,13218,1502,6111,501,2880,60
SNS-2602-0347,인스타그램,@musinsa_official,2026-02-27,스토리,PT컬렉션,490603,5895,1331,2144,216,3153,97
SNS-2602-0348,인스타그램,@musinsa_official,2026-02-27,스토리,룩북,293122,3418,432,654,135,1925,148
SNS-2602-0349,인스타그램,@musinsa_official,2026-02-27,카루셀,PT컬렉션,1212103,75006,6707,49716,2768,17535,27
SNS-2602-0350,틱톡,@musinsa_official,2026-02-27,쇼츠,상품소개,2512644,216268,30324,30509,7967,25733,40
SNS-2602-0351,인스타그램,@musinsa_official,2026-02-27,피드,UGC리포스트,915780,49399,6037,18464,1081,11663,-4
SNS-2602-0352,인스타그램,@musinsa_official,2026-02-27,피드,이벤트,877199,44505,5803,29934,2228,15164,32
SNS-2602-0353,유튜브,@musinsa_official,2026-02-27,쇼츠,에디토리얼,3384418,317157,61227,49013,9094,58864,11
SNS-2602-0354,인스타그램,@musinsa_official,2026-02-27,카루셀,이벤트,734865,31904,8236,34041,1692,3780,-17
SNS-2602-0355,인스타그램,@29cm_official,2026-02-27,릴스,UGC리포스트,1430388,145243,21062,39289,5534,26888,103
SNS-2602-0356,인스타그램,@29cm_official,2026-02-27,릴스,UGC리포스트,1816040,106008,24382,40839,1515,31801,66
SNS-2602-0357,인스타그램,@29cm_official,2026-02-27,카루셀,PT컬렉션,517396,40507,7355,37498,744,9704,93
SNS-2602-0358,인스타그램,@29cm_official,2026-02-27,릴스,브랜드스토리,1540449,92129,26985,43047,1609,25379,79
SNS-2602-0359,인스타그램,@29cm_official,2026-02-27,카루셀,브랜드스토리,429050,29020,4988,36864,758,4803,20
SNS-2602-0360,인스타그램,@musinsa_official,2026-02-28,스토리,에디토리얼,409841,9912,931,2289,482,6236,56
SNS-2602-0361,인스타그램,@musinsa_official,2026-02-28,스토리,UGC리포스트,489238,10986,1188,1777,457,6952,118
SNS-2602-0362,인스타그램,@musinsa_official,2026-02-28,스토리,룩북,483349,7393,1817,1714,394,8180,100
SNS-2602-0363,인스타그램,@musinsa_official,2026-02-28,피드,이벤트,896590,48540,5655,30161,1050,10265,47
SNS-2602-0364,인스타그램,@musinsa_official,2026-02-28,스토리,에디토리얼,436653,9112,2100,3149,501,8600,116
SNS-2602-0365,인스타그램,@musinsa_official,2026-02-28,스토리,룩북,386054,7849,1299,1624,164,3237,126
SNS-2602-0366,유튜브,@musinsa_official,2026-02-28,쇼츠,룩북,3241811,172178,61761,58530,3999,58790,-15
SNS-2602-0367,인스타그램,@musinsa_official,2026-02-28,릴스,UGC리포스트,4682583,340059,60393,107123,9682,92590,24
SNS-2602-0368,틱톡,@29cm_official,2026-02-28,쇼츠,PT컬렉션,813320,79158,15281,17562,2685,6457,49
SNS-2602-0369,인스타그램,@29cm_official,2026-02-28,스토리,PT컬렉션,123604,4024,577,622,62,1843,-12
SNS-2602-0370,인스타그램,@29cm_official,2026-02-28,피드,PT컬렉션,306787,16535,4574,15775,320,1823,-7
SNS-2602-0371,인스타그램,@29cm_official,2026-02-28,피드,PT컬렉션,374662,21826,3553,13905,812,5612,-4
SNS-2602-0372,인스타그램,@29cm_official,2026-02-28,카루셀,에디토리얼,256954,20400,3929,19900,647,4860,99
