date,yard_block,terminal,block_type,capacity_teu,current_teu,gate_in,gate_out,avg_dwell_days,containers_over_freetime,reefer_plugged,reefer_capacity,temp_alarm_count
2026-03-01,A01,신선대,일반,440,272,32,53,4.2,13,,,
2026-03-01,A02,신선대,일반,469,325,32,37,6.0,16,,,
2026-03-01,A03,신선대,일반,399,242,51,73,4.2,23,,,
2026-03-01,A04,신선대,일반,406,267,20,15,5.9,24,,,
2026-03-01,A05,신선대,일반,468,351,62,46,4.0,12,,,
2026-03-01,A06,신선대,일반,467,323,66,61,3.9,15,,,
2026-03-01,A07,신선대,일반,460,295,38,31,5.1,10,,,
2026-03-01,A08,신선대,일반,381,240,22,69,4.5,20,,,
2026-03-01,A09,신선대,일반,418,274,67,22,3.8,22,,,
2026-03-01,A10,신선대,일반,433,263,74,23,5.8,11,,,
2026-03-01,A11,신선대,빈컨테이너,464,227,48,54,3.8,18,,,
2026-03-01,A12,신선대,빈컨테이너,392,193,41,26,3.3,11,,,
2026-03-01,A13,신선대,위험물,464,297,73,39,5.9,18,,,
2026-03-01,A14,신선대,위험물,446,282,76,66,4.1,11,,,
2026-03-01,A15,신선대,위험물,414,287,80,69,4.1,16,,,
2026-03-01,B01,감만,일반,379,267,71,51,5.9,11,,,
2026-03-01,B02,감만,일반,377,251,42,54,3.6,19,,,
2026-03-01,B03,감만,일반,389,292,77,23,5.2,18,,,
2026-03-01,B04,감만,일반,317,240,48,17,3.7,18,,,
2026-03-01,B05,감만,일반,353,212,75,58,5.3,17,,,
2026-03-01,B06,감만,일반,406,296,34,57,6.6,19,,,
2026-03-01,B07,감만,일반,415,300,59,21,5.0,24,,,
2026-03-01,B08,감만,일반,313,214,62,58,5.7,8,,,
2026-03-01,B09,감만,빈컨테이너,365,221,77,54,3.2,16,,,
2026-03-01,B10,감만,빈컨테이너,392,172,74,45,5.6,15,,,
2026-03-01,R01,신선대,냉동,279,212,51,35,2.5,20,212,279,1
2026-03-01,R02,신선대,냉동,215,181,44,40,3.6,6,181,215,0
2026-03-01,R03,신선대,냉동,236,199,25,69,3.0,10,199,236,0
2026-03-01,R04,신선대,냉동,214,187,21,21,2.8,6,187,214,0
2026-03-01,R05,신선대,냉동,300,267,70,53,3.9,19,267,300,0
2026-03-02,A01,신선대,일반,440,308,61,57,5.1,16,,,
2026-03-02,A02,신선대,일반,469,351,72,29,6.5,18,,,
2026-03-02,A03,신선대,일반,399,294,58,45,6.0,16,,,
2026-03-02,A04,신선대,일반,406,276,26,63,5.8,8,,,
2026-03-02,A05,신선대,일반,468,310,60,66,4.5,20,,,
2026-03-02,A06,신선대,일반,467,339,22,72,4.1,13,,,
2026-03-02,A07,신선대,일반,460,335,66,41,3.9,24,,,
2026-03-02,A08,신선대,일반,381,241,79,69,4.9,14,,,
2026-03-02,A09,신선대,일반,418,309,65,36,3.9,18,,,
2026-03-02,A10,신선대,일반,433,332,73,58,5.6,27,,,
2026-03-02,A11,신선대,빈컨테이너,464,237,62,52,5.9,9,,,
2026-03-02,A12,신선대,빈컨테이너,392,205,53,62,3.1,19,,,
2026-03-02,A13,신선대,위험물,464,333,50,74,5.3,31,,,
2026-03-02,A14,신선대,위험물,446,261,57,26,6.1,10,,,
2026-03-02,A15,신선대,위험물,414,259,58,53,6.6,16,,,
2026-03-02,B01,감만,일반,379,253,58,73,5.9,11,,,
2026-03-02,B02,감만,일반,377,253,41,33,5.1,9,,,
2026-03-02,B03,감만,일반,389,262,64,71,6.1,13,,,
2026-03-02,B04,감만,일반,317,230,75,35,6.0,21,,,
2026-03-02,B05,감만,일반,353,251,32,28,5.7,12,,,
2026-03-02,B06,감만,일반,406,268,63,23,6.9,20,,,
2026-03-02,B07,감만,일반,415,320,52,49,5.9,16,,,
2026-03-02,B08,감만,일반,313,194,42,50,5.2,13,,,
2026-03-02,B09,감만,빈컨테이너,365,206,46,58,5.2,18,,,
2026-03-02,B10,감만,빈컨테이너,392,184,74,42,5.4,12,,,
2026-03-02,R01,신선대,냉동,279,210,29,18,3.3,9,210,279,0
2026-03-02,R02,신선대,냉동,215,167,38,58,2.5,14,167,215,0
2026-03-02,R03,신선대,냉동,236,188,68,49,2.1,16,188,236,1
2026-03-02,R04,신선대,냉동,214,187,55,39,2.5,15,187,214,0
2026-03-02,R05,신선대,냉동,300,239,62,18,3.9,13,239,300,0
2026-03-03,A01,신선대,일반,440,341,40,50,3.7,27,,,
2026-03-03,A02,신선대,일반,469,298,75,64,6.5,18,,,
2026-03-03,A03,신선대,일반,399,255,60,60,6.0,14,,,
2026-03-03,A04,신선대,일반,406,286,67,53,4.2,23,,,
2026-03-03,A05,신선대,일반,468,297,48,26,6.9,10,,,
2026-03-03,A06,신선대,일반,467,361,67,47,3.9,11,,,
2026-03-03,A07,신선대,일반,460,299,36,23,4.1,26,,,
2026-03-03,A08,신선대,일반,381,228,49,60,6.8,7,,,
2026-03-03,A09,신선대,일반,418,320,58,18,6.2,23,,,
2026-03-03,A10,신선대,일반,433,325,39,46,6.3,22,,,
2026-03-03,A11,신선대,빈컨테이너,464,194,65,35,4.6,18,,,
2026-03-03,A12,신선대,빈컨테이너,392,207,70,47,3.5,14,,,
2026-03-03,A13,신선대,위험물,464,292,42,29,6.6,22,,,
2026-03-03,A14,신선대,위험물,446,274,38,28,6.8,20,,,
2026-03-03,A15,신선대,위험물,414,267,55,67,6.1,20,,,
2026-03-03,B01,감만,일반,379,235,42,43,4.3,17,,,
2026-03-03,B02,감만,일반,377,288,35,17,5.9,15,,,
2026-03-03,B03,감만,일반,389,297,80,22,4.9,20,,,
2026-03-03,B04,감만,일반,317,206,78,48,6.4,11,,,
2026-03-03,B05,감만,일반,353,262,48,46,3.7,24,,,
2026-03-03,B06,감만,일반,406,257,52,20,6.8,10,,,
2026-03-03,B07,감만,일반,415,320,54,49,3.5,11,,,
2026-03-03,B08,감만,일반,313,225,69,28,6.5,13,,,
2026-03-03,B09,감만,빈컨테이너,365,155,54,68,5.1,15,,,
2026-03-03,B10,감만,빈컨테이너,392,232,61,67,5.8,19,,,
2026-03-03,R01,신선대,냉동,279,216,49,60,2.7,7,216,279,2
2026-03-03,R02,신선대,냉동,215,181,56,67,2.5,8,181,215,0
2026-03-03,R03,신선대,냉동,236,202,47,35,2.0,15,202,236,0
2026-03-03,R04,신선대,냉동,214,183,59,19,3.5,12,183,214,0
2026-03-03,R05,신선대,냉동,300,228,79,47,2.2,19,228,300,0
2026-03-04,A01,신선대,일반,440,270,68,74,5.0,15,,,
2026-03-04,A02,신선대,일반,469,337,50,25,5.4,13,,,
2026-03-04,A03,신선대,일반,399,267,71,69,5.4,25,,,
2026-03-04,A04,신선대,일반,406,254,63,71,6.7,21,,,
2026-03-04,A05,신선대,일반,468,342,43,75,3.5,31,,,
2026-03-04,A06,신선대,일반,467,292,22,15,5.5,16,,,
2026-03-04,A07,신선대,일반,460,321,25,34,4.2,26,,,
2026-03-04,A08,신선대,일반,381,278,33,41,6.7,24,,,
2026-03-04,A09,신선대,일반,418,261,31,29,5.7,12,,,
2026-03-04,A10,신선대,일반,433,268,62,66,5.5,9,,,
2026-03-04,A11,신선대,빈컨테이너,464,272,55,44,4.9,9,,,
2026-03-04,A12,신선대,빈컨테이너,392,222,36,21,3.6,15,,,
2026-03-04,A13,신선대,위험물,464,343,42,23,5.8,15,,,
2026-03-04,A14,신선대,위험물,446,270,24,72,4.2,17,,,
2026-03-04,A15,신선대,위험물,414,254,62,34,5.9,10,,,
2026-03-04,B01,감만,일반,379,266,71,35,6.9,11,,,
2026-03-04,B02,감만,일반,377,247,70,29,6.0,18,,,
2026-03-04,B03,감만,일반,389,252,43,23,5.9,13,,,
2026-03-04,B04,감만,일반,317,217,48,37,6.2,13,,,
2026-03-04,B05,감만,일반,353,218,61,53,3.8,10,,,
2026-03-04,B06,감만,일반,406,303,77,49,4.2,24,,,
2026-03-04,B07,감만,일반,415,295,66,19,6.6,26,,,
2026-03-04,B08,감만,일반,313,223,72,52,5.5,18,,,
2026-03-04,B09,감만,빈컨테이너,365,165,22,50,3.8,15,,,
2026-03-04,B10,감만,빈컨테이너,392,209,61,64,3.4,12,,,
2026-03-04,R01,신선대,냉동,279,251,57,61,3.7,9,251,279,0
2026-03-04,R02,신선대,냉동,215,164,43,47,2.0,7,164,215,0
2026-03-04,R03,신선대,냉동,236,216,63,25,3.5,8,216,236,1
2026-03-04,R04,신선대,냉동,214,187,50,75,2.7,8,187,214,0
2026-03-04,R05,신선대,냉동,300,228,43,29,2.1,10,228,300,0
2026-03-05,A01,신선대,일반,440,292,50,73,5.1,9,,,
2026-03-05,A02,신선대,일반,469,364,40,21,6.0,24,,,
2026-03-05,A03,신선대,일반,399,298,73,62,4.4,20,,,
2026-03-05,A04,신선대,일반,406,256,61,39,4.8,19,,,
2026-03-05,A05,신선대,일반,468,351,53,31,4.8,32,,,
2026-03-05,A06,신선대,일반,467,323,42,67,6.5,20,,,
2026-03-05,A07,신선대,일반,460,315,58,15,5.3,12,,,
2026-03-05,A08,신선대,일반,381,239,24,47,5.8,10,,,
2026-03-05,A09,신선대,일반,418,264,43,53,6.0,10,,,
2026-03-05,A10,신선대,일반,433,277,71,36,6.0,17,,,
2026-03-05,A11,신선대,빈컨테이너,464,241,33,52,3.5,21,,,
2026-03-05,A12,신선대,빈컨테이너,392,158,22,23,4.7,6,,,
2026-03-05,A13,신선대,위험물,464,313,22,72,5.5,10,,,
2026-03-05,A14,신선대,위험물,446,268,31,48,6.9,19,,,
2026-03-05,A15,신선대,위험물,414,274,21,71,6.0,20,,,
2026-03-05,B01,감만,일반,379,246,25,28,5.1,24,,,
2026-03-05,B02,감만,일반,377,285,30,29,6.4,20,,,
2026-03-05,B03,감만,일반,389,289,72,64,4.1,22,,,
2026-03-05,B04,감만,일반,317,205,66,58,4.7,12,,,
2026-03-05,B05,감만,일반,353,249,34,39,4.8,9,,,
2026-03-05,B06,감만,일반,406,258,75,73,5.3,15,,,
2026-03-05,B07,감만,일반,415,260,26,26,5.2,18,,,
2026-03-05,B08,감만,일반,313,189,70,49,5.3,7,,,
2026-03-05,B09,감만,빈컨테이너,365,190,28,72,4.8,16,,,
2026-03-05,B10,감만,빈컨테이너,392,244,69,58,4.9,16,,,
2026-03-05,R01,신선대,냉동,279,226,22,59,3.1,10,226,279,0
2026-03-05,R02,신선대,냉동,215,190,44,37,3.2,15,190,215,0
2026-03-05,R03,신선대,냉동,236,204,26,42,2.3,12,204,236,0
2026-03-05,R04,신선대,냉동,214,170,76,49,2.8,7,170,214,0
2026-03-05,R05,신선대,냉동,300,265,56,48,2.2,8,265,300,0
2026-03-06,A01,신선대,일반,440,318,40,41,4.8,12,,,
2026-03-06,A02,신선대,일반,469,336,36,31,6.5,20,,,
2026-03-06,A03,신선대,일반,399,265,37,58,4.9,11,,,
2026-03-06,A04,신선대,일반,406,283,55,45,4.1,19,,,
2026-03-06,A05,신선대,일반,468,321,39,51,4.7,25,,,
2026-03-06,A06,신선대,일반,467,342,74,70,5.8,28,,,
2026-03-06,A07,신선대,일반,460,312,64,75,4.1,14,,,
2026-03-06,A08,신선대,일반,381,256,41,66,5.4,20,,,
2026-03-06,A09,신선대,일반,418,303,30,39,6.9,9,,,
2026-03-06,A10,신선대,일반,433,266,29,45,6.7,16,,,
2026-03-06,A11,신선대,빈컨테이너,464,193,34,38,3.2,6,,,
2026-03-06,A12,신선대,빈컨테이너,392,194,45,54,5.0,9,,,
2026-03-06,A13,신선대,위험물,464,344,23,75,6.2,14,,,
2026-03-06,A14,신선대,위험물,446,289,20,27,6.5,27,,,
2026-03-06,A15,신선대,위험물,414,270,32,17,6.2,17,,,
2026-03-06,B01,감만,일반,379,275,59,25,5.9,15,,,
2026-03-06,B02,감만,일반,377,270,30,20,7.0,22,,,
2026-03-06,B03,감만,일반,389,258,45,40,5.6,17,,,
2026-03-06,B04,감만,일반,317,232,24,73,3.8,11,,,
2026-03-06,B05,감만,일반,353,264,78,52,4.7,25,,,
2026-03-06,B06,감만,일반,406,263,58,27,5.1,15,,,
2026-03-06,B07,감만,일반,415,249,31,41,5.3,17,,,
2026-03-06,B08,감만,일반,313,216,41,75,3.9,14,,,
2026-03-06,B09,감만,빈컨테이너,365,169,54,67,5.4,8,,,
2026-03-06,B10,감만,빈컨테이너,392,200,44,51,4.5,9,,,
2026-03-06,R01,신선대,냉동,279,225,69,44,3.4,20,225,279,0
2026-03-06,R02,신선대,냉동,215,178,36,19,2.8,15,178,215,1
2026-03-06,R03,신선대,냉동,236,209,46,37,3.0,6,209,236,0
2026-03-06,R04,신선대,냉동,214,169,25,40,3.3,14,169,214,1
2026-03-06,R05,신선대,냉동,300,249,42,28,3.8,12,249,300,0
2026-03-07,A01,신선대,일반,440,318,78,27,5.2,13,,,
2026-03-07,A02,신선대,일반,469,343,75,31,4.2,15,,,
2026-03-07,A03,신선대,일반,399,257,59,37,4.0,9,,,
2026-03-07,A04,신선대,일반,406,310,63,57,5.2,9,,,
2026-03-07,A05,신선대,일반,468,353,22,69,5.2,25,,,
2026-03-07,A06,신선대,일반,467,321,76,72,5.5,15,,,
2026-03-07,A07,신선대,일반,460,291,68,73,5.3,16,,,
2026-03-07,A08,신선대,일반,381,280,28,18,5.3,16,,,
2026-03-07,A09,신선대,일반,418,321,22,47,4.7,28,,,
2026-03-07,A10,신선대,일반,433,320,49,22,5.9,19,,,
2026-03-07,A11,신선대,빈컨테이너,464,265,20,58,3.6,18,,,
2026-03-07,A12,신선대,빈컨테이너,392,188,59,70,3.8,12,,,
2026-03-07,A13,신선대,위험물,464,277,50,54,4.7,11,,,
2026-03-07,A14,신선대,위험물,446,283,46,59,6.1,15,,,
2026-03-07,A15,신선대,위험물,414,260,48,26,5.5,25,,,
2026-03-07,B01,감만,일반,379,274,72,21,6.0,23,,,
2026-03-07,B02,감만,일반,377,263,74,39,4.2,22,,,
2026-03-07,B03,감만,일반,389,285,50,66,3.5,16,,,
2026-03-07,B04,감만,일반,317,197,77,69,5.7,13,,,
2026-03-07,B05,감만,일반,353,231,51,34,4.4,20,,,
2026-03-07,B06,감만,일반,406,247,26,59,4.1,11,,,
2026-03-07,B07,감만,일반,415,267,73,55,3.8,21,,,
2026-03-07,B08,감만,일반,313,202,43,50,5.5,17,,,
2026-03-07,B09,감만,빈컨테이너,365,177,46,22,4.1,13,,,
2026-03-07,B10,감만,빈컨테이너,392,216,56,51,4.9,14,,,
2026-03-07,R01,신선대,냉동,279,255,38,37,2.7,16,255,279,0
2026-03-07,R02,신선대,냉동,215,177,25,39,3.2,11,177,215,0
2026-03-07,R03,신선대,냉동,236,211,60,66,3.9,12,211,236,0
2026-03-07,R04,신선대,냉동,214,175,78,19,2.2,9,175,214,0
2026-03-07,R05,신선대,냉동,300,258,65,32,3.2,14,258,300,0
2026-03-08,A01,신선대,일반,440,325,80,38,6.1,21,,,
2026-03-08,A02,신선대,일반,469,319,30,26,6.5,12,,,
2026-03-08,A03,신선대,일반,399,256,36,75,6.1,21,,,
2026-03-08,A04,신선대,일반,406,258,45,21,3.8,24,,,
2026-03-08,A05,신선대,일반,468,320,23,16,6.2,21,,,
2026-03-08,A06,신선대,일반,467,363,26,31,5.7,13,,,
2026-03-08,A07,신선대,일반,460,353,44,34,4.3,28,,,
2026-03-08,A08,신선대,일반,381,258,28,23,5.3,10,,,
2026-03-08,A09,신선대,일반,418,253,42,70,6.7,22,,,
2026-03-08,A10,신선대,일반,433,296,75,49,6.8,20,,,
2026-03-08,A11,신선대,빈컨테이너,464,201,80,59,4.6,14,,,
2026-03-08,A12,신선대,빈컨테이너,392,201,67,55,5.6,12,,,
2026-03-08,A13,신선대,위험물,464,314,54,34,6.7,20,,,
2026-03-08,A14,신선대,위험물,446,265,25,43,4.6,15,,,
2026-03-08,A15,신선대,위험물,414,240,20,15,5.3,19,,,
2026-03-08,B01,감만,일반,379,236,38,45,5.4,18,,,
2026-03-08,B02,감만,일반,377,259,68,45,4.5,21,,,
2026-03-08,B03,감만,일반,389,289,58,29,6.3,19,,,
2026-03-08,B04,감만,일반,317,200,76,50,5.0,9,,,
2026-03-08,B05,감만,일반,353,257,61,39,6.4,11,,,
2026-03-08,B06,감만,일반,406,249,60,30,5.3,21,,,
2026-03-08,B07,감만,일반,415,294,64,58,4.5,22,,,
2026-03-08,B08,감만,일반,313,217,37,41,4.2,7,,,
2026-03-08,B09,감만,빈컨테이너,365,158,27,55,4.4,9,,,
2026-03-08,B10,감만,빈컨테이너,392,225,51,27,4.0,9,,,
2026-03-08,R01,신선대,냉동,279,255,21,26,3.9,12,255,279,3
2026-03-08,R02,신선대,냉동,215,187,34,20,2.3,12,187,215,0
2026-03-08,R03,신선대,냉동,236,189,71,46,4.0,11,189,236,0
2026-03-08,R04,신선대,냉동,214,172,73,63,3.9,5,172,214,0
2026-03-08,R05,신선대,냉동,300,228,50,26,2.4,20,228,300,0
2026-03-09,A01,신선대,일반,440,329,27,64,6.0,18,,,
2026-03-09,A02,신선대,일반,469,363,35,62,7.0,15,,,
2026-03-09,A03,신선대,일반,399,292,26,48,5.8,13,,,
2026-03-09,A04,신선대,일반,406,272,39,74,4.6,20,,,
2026-03-09,A05,신선대,일반,468,284,79,50,5.3,13,,,
2026-03-09,A06,신선대,일반,467,333,32,38,6.6,30,,,
2026-03-09,A07,신선대,일반,460,294,27,30,5.7,15,,,
2026-03-09,A08,신선대,일반,381,240,37,52,3.9,20,,,
2026-03-09,A09,신선대,일반,418,251,22,52,6.2,15,,,
2026-03-09,A10,신선대,일반,433,306,43,64,3.8,12,,,
2026-03-09,A11,신선대,빈컨테이너,464,196,59,36,5.8,19,,,
2026-03-09,A12,신선대,빈컨테이너,392,218,23,37,4.9,17,,,
2026-03-09,A13,신선대,위험물,464,328,28,46,4.3,32,,,
2026-03-09,A14,신선대,위험물,446,315,68,37,6.3,19,,,
2026-03-09,A15,신선대,위험물,414,243,64,39,4.8,9,,,
2026-03-09,B01,감만,일반,379,288,51,60,5.0,14,,,
2026-03-09,B02,감만,일반,377,273,32,51,4.2,14,,,
2026-03-09,B03,감만,일반,389,284,37,70,6.4,26,,,
2026-03-09,B04,감만,일반,317,221,24,48,4.0,11,,,
2026-03-09,B05,감만,일반,353,228,43,44,3.5,17,,,
2026-03-09,B06,감만,일반,406,271,31,71,3.6,24,,,
2026-03-09,B07,감만,일반,415,306,35,35,6.0,23,,,
2026-03-09,B08,감만,일반,313,218,44,27,5.3,14,,,
2026-03-09,B09,감만,빈컨테이너,365,196,59,33,4.0,14,,,
2026-03-09,B10,감만,빈컨테이너,392,167,53,57,3.2,14,,,
2026-03-09,R01,신선대,냉동,279,215,75,17,2.4,13,215,279,3
2026-03-09,R02,신선대,냉동,215,185,53,54,3.4,8,185,215,0
2026-03-09,R03,신선대,냉동,236,201,24,15,3.9,8,201,236,0
2026-03-09,R04,신선대,냉동,214,192,25,44,3.6,6,192,214,0
2026-03-09,R05,신선대,냉동,300,272,46,67,2.7,21,272,300,0
2026-03-10,A01,신선대,일반,440,285,22,61,3.7,14,,,
2026-03-10,A02,신선대,일반,469,361,53,21,3.9,16,,,
2026-03-10,A03,신선대,일반,399,267,32,48,5.8,18,,,
2026-03-10,A04,신선대,일반,406,312,55,62,5.5,25,,,
2026-03-10,A05,신선대,일반,468,345,56,37,5.9,27,,,
2026-03-10,A06,신선대,일반,467,316,26,25,6.3,21,,,
2026-03-10,A07,신선대,일반,460,317,62,25,5.4,22,,,
2026-03-10,A08,신선대,일반,381,292,77,35,5.4,29,,,
2026-03-10,A09,신선대,일반,418,314,46,63,5.7,27,,,
2026-03-10,A10,신선대,일반,433,285,35,51,5.4,16,,,
2026-03-10,A11,신선대,빈컨테이너,464,249,67,31,4.1,15,,,
2026-03-10,A12,신선대,빈컨테이너,392,250,20,61,3.1,12,,,
2026-03-10,A13,신선대,위험물,464,256,28,71,4.6,13,,,
2026-03-10,A14,신선대,위험물,446,265,74,35,3.6,23,,,
2026-03-10,A15,신선대,위험물,414,284,37,73,5.4,19,,,
2026-03-10,B01,감만,일반,379,290,29,21,3.6,15,,,
2026-03-10,B02,감만,일반,377,235,43,71,5.5,10,,,
2026-03-10,B03,감만,일반,389,290,25,51,4.9,27,,,
2026-03-10,B04,감만,일반,317,232,66,35,6.3,9,,,
2026-03-10,B05,감만,일반,353,264,64,59,5.5,24,,,
2026-03-10,B06,감만,일반,406,287,39,17,6.1,20,,,
2026-03-10,B07,감만,일반,415,254,23,73,6.2,13,,,
2026-03-10,B08,감만,일반,313,233,46,74,6.5,21,,,
2026-03-10,B09,감만,빈컨테이너,365,166,61,69,4.8,5,,,
2026-03-10,B10,감만,빈컨테이너,392,232,44,18,3.9,7,,,
2026-03-10,R01,신선대,냉동,279,234,29,35,3.0,10,234,279,3
2026-03-10,R02,신선대,냉동,215,196,68,53,3.2,7,196,215,0
2026-03-10,R03,신선대,냉동,236,208,29,23,2.7,13,208,236,0
2026-03-10,R04,신선대,냉동,214,180,36,20,2.8,10,180,214,0
2026-03-10,R05,신선대,냉동,300,263,50,50,2.4,15,263,300,0
2026-03-11,A01,신선대,일반,440,308,67,48,4.4,10,,,
2026-03-11,A02,신선대,일반,469,346,40,58,6.7,12,,,
2026-03-11,A03,신선대,일반,399,287,47,38,4.7,15,,,
2026-03-11,A04,신선대,일반,406,287,21,64,4.6,28,,,
2026-03-11,A05,신선대,일반,468,332,71,43,5.7,20,,,
2026-03-11,A06,신선대,일반,467,357,34,27,5.9,14,,,
2026-03-11,A07,신선대,일반,460,336,25,22,6.1,15,,,
2026-03-11,A08,신선대,일반,381,271,29,70,6.4,13,,,
2026-03-11,A09,신선대,일반,418,276,71,22,4.6,17,,,
2026-03-11,A10,신선대,일반,433,285,67,49,4.2,19,,,
2026-03-11,A11,신선대,빈컨테이너,464,272,55,45,4.9,27,,,
2026-03-11,A12,신선대,빈컨테이너,392,224,62,16,4.1,20,,,
2026-03-11,A13,신선대,위험물,464,304,36,25,3.7,13,,,
2026-03-11,A14,신선대,위험물,446,307,37,18,5.1,29,,,
2026-03-11,A15,신선대,위험물,414,233,62,32,5.8,21,,,
2026-03-11,B01,감만,일반,379,251,26,16,4.5,23,,,
2026-03-11,B02,감만,일반,377,252,44,47,6.9,9,,,
2026-03-11,B03,감만,일반,389,255,75,53,5.4,10,,,
2026-03-11,B04,감만,일반,317,218,49,50,6.7,6,,,
2026-03-11,B05,감만,일반,353,227,53,34,4.7,13,,,
2026-03-11,B06,감만,일반,406,255,42,58,4.7,18,,,
2026-03-11,B07,감만,일반,415,266,52,32,6.3,19,,,
2026-03-11,B08,감만,일반,313,237,76,67,7.0,22,,,
2026-03-11,B09,감만,빈컨테이너,365,232,34,24,4.0,13,,,
2026-03-11,B10,감만,빈컨테이너,392,170,66,39,4.6,13,,,
2026-03-11,R01,신선대,냉동,279,250,63,29,2.8,17,250,279,0
2026-03-11,R02,신선대,냉동,215,172,58,36,2.9,6,172,215,0
2026-03-11,R03,신선대,냉동,236,200,63,66,2.4,7,200,236,0
2026-03-11,R04,신선대,냉동,214,193,78,23,2.9,18,193,214,0
2026-03-11,R05,신선대,냉동,300,258,56,73,2.3,8,258,300,0
2026-03-12,A01,신선대,일반,440,349,31,35,6.4,14,,,
2026-03-12,A02,신선대,일반,469,307,40,71,6.9,29,,,
2026-03-12,A03,신선대,일반,399,283,67,74,6.4,21,,,
2026-03-12,A04,신선대,일반,406,323,29,64,4.2,12,,,
2026-03-12,A05,신선대,일반,468,306,59,54,4.4,21,,,
2026-03-12,A06,신선대,일반,467,325,34,29,5.9,17,,,
2026-03-12,A07,신선대,일반,460,362,50,23,5.3,26,,,
2026-03-12,A08,신선대,일반,381,301,43,26,6.5,19,,,
2026-03-12,A09,신선대,일반,418,283,32,29,3.6,23,,,
2026-03-12,A10,신선대,일반,433,282,37,75,4.9,23,,,
2026-03-12,A11,신선대,빈컨테이너,464,300,68,28,3.2,28,,,
2026-03-12,A12,신선대,빈컨테이너,392,253,75,54,4.5,13,,,
2026-03-12,A13,신선대,위험물,464,297,35,42,4.9,9,,,
2026-03-12,A14,신선대,위험물,446,310,44,61,4.6,22,,,
2026-03-12,A15,신선대,위험물,414,289,58,49,5.3,26,,,
2026-03-12,B01,감만,일반,379,305,53,21,5.1,26,,,
2026-03-12,B02,감만,일반,377,248,35,48,5.4,24,,,
2026-03-12,B03,감만,일반,389,255,44,48,6.2,24,,,
2026-03-12,B04,감만,일반,317,218,48,40,6.6,18,,,
2026-03-12,B05,감만,일반,353,249,30,42,4.5,23,,,
2026-03-12,B06,감만,일반,406,319,77,24,5.1,23,,,
2026-03-12,B07,감만,일반,415,277,52,22,4.1,19,,,
2026-03-12,B08,감만,일반,313,259,54,23,4.9,13,,,
2026-03-12,B09,감만,빈컨테이너,365,148,49,52,5.7,13,,,
2026-03-12,B10,감만,빈컨테이너,392,243,25,31,4.0,18,,,
2026-03-12,R01,신선대,냉동,279,250,30,60,3.5,9,250,279,0
2026-03-12,R02,신선대,냉동,215,191,25,48,3.4,15,191,215,0
2026-03-12,R03,신선대,냉동,236,209,30,39,3.1,6,209,236,2
2026-03-12,R04,신선대,냉동,214,188,62,70,2.3,17,188,214,0
2026-03-12,R05,신선대,냉동,300,257,39,61,3.5,15,257,300,0
2026-03-13,A01,신선대,일반,440,296,28,27,3.5,24,,,
2026-03-13,A02,신선대,일반,469,305,51,69,5.2,26,,,
2026-03-13,A03,신선대,일반,399,307,51,30,4.3,23,,,
2026-03-13,A04,신선대,일반,406,300,48,20,5.6,9,,,
2026-03-13,A05,신선대,일반,468,386,37,54,5.7,33,,,
2026-03-13,A06,신선대,일반,467,322,31,24,3.7,17,,,
2026-03-13,A07,신선대,일반,460,312,22,57,5.5,22,,,
2026-03-13,A08,신선대,일반,381,272,25,18,3.9,27,,,
2026-03-13,A09,신선대,일반,418,285,38,54,5.8,22,,,
2026-03-13,A10,신선대,일반,433,331,55,26,6.9,27,,,
2026-03-13,A11,신선대,빈컨테이너,464,227,22,20,5.3,11,,,
2026-03-13,A12,신선대,빈컨테이너,392,244,72,19,5.3,21,,,
2026-03-13,A13,신선대,위험물,464,261,50,23,3.9,23,,,
2026-03-13,A14,신선대,위험물,446,274,46,48,4.2,12,,,
2026-03-13,A15,신선대,위험물,414,232,56,61,6.9,15,,,
2026-03-13,B01,감만,일반,379,252,66,59,5.6,21,,,
2026-03-13,B02,감만,일반,377,298,47,53,6.5,14,,,
2026-03-13,B03,감만,일반,389,297,59,37,6.7,21,,,
2026-03-13,B04,감만,일반,317,237,66,55,5.2,20,,,
2026-03-13,B05,감만,일반,353,291,34,60,4.5,12,,,
2026-03-13,B06,감만,일반,406,273,49,55,6.3,22,,,
2026-03-13,B07,감만,일반,415,286,59,41,4.9,15,,,
2026-03-13,B08,감만,일반,313,238,60,28,3.5,10,,,
2026-03-13,B09,감만,빈컨테이너,365,171,70,19,3.9,11,,,
2026-03-13,B10,감만,빈컨테이너,392,188,20,22,5.1,10,,,
2026-03-13,R01,신선대,냉동,279,251,59,16,3.7,10,251,279,0
2026-03-13,R02,신선대,냉동,215,199,50,73,2.9,6,199,215,1
2026-03-13,R03,신선대,냉동,236,209,77,70,3.1,11,209,236,0
2026-03-13,R04,신선대,냉동,214,183,67,18,3.7,9,183,214,0
2026-03-13,R05,신선대,냉동,300,253,54,16,2.4,19,253,300,0
2026-03-14,A01,신선대,일반,440,364,42,19,6.9,18,,,
2026-03-14,A02,신선대,일반,469,307,44,55,5.4,12,,,
2026-03-14,A03,신선대,일반,399,307,31,53,3.9,26,,,
2026-03-14,A04,신선대,일반,406,288,74,35,6.0,14,,,
2026-03-14,A05,신선대,일반,468,312,76,30,4.8,27,,,
2026-03-14,A06,신선대,일반,467,331,53,34,4.1,18,,,
2026-03-14,A07,신선대,일반,460,302,32,73,3.8,19,,,
2026-03-14,A08,신선대,일반,381,308,77,47,4.0,16,,,
2026-03-14,A09,신선대,일반,418,312,75,48,4.6,16,,,
2026-03-14,A10,신선대,일반,433,348,26,67,6.9,23,,,
2026-03-14,A11,신선대,빈컨테이너,464,300,33,61,3.1,17,,,
2026-03-14,A12,신선대,빈컨테이너,392,241,27,15,3.9,7,,,
2026-03-14,A13,신선대,위험물,464,333,75,20,4.7,30,,,
2026-03-14,A14,신선대,위험물,446,254,69,57,6.1,8,,,
2026-03-14,A15,신선대,위험물,414,290,60,72,4.2,12,,,
2026-03-14,B01,감만,일반,379,268,54,35,6.2,20,,,
2026-03-14,B02,감만,일반,377,265,30,32,3.9,25,,,
2026-03-14,B03,감만,일반,389,296,26,28,5.4,20,,,
2026-03-14,B04,감만,일반,317,223,80,60,6.3,15,,,
2026-03-14,B05,감만,일반,353,241,39,54,6.6,16,,,
2026-03-14,B06,감만,일반,406,268,21,45,6.7,8,,,
2026-03-14,B07,감만,일반,415,301,25,42,4.9,23,,,
2026-03-14,B08,감만,일반,313,259,60,68,5.9,15,,,
2026-03-14,B09,감만,빈컨테이너,365,178,41,67,3.6,14,,,
2026-03-14,B10,감만,빈컨테이너,392,236,25,74,5.3,14,,,
2026-03-14,R01,신선대,냉동,279,228,72,66,3.8,14,228,279,0
2026-03-14,R02,신선대,냉동,215,192,65,64,2.9,8,192,215,2
2026-03-14,R03,신선대,냉동,236,218,45,26,3.4,16,218,236,0
2026-03-14,R04,신선대,냉동,214,197,49,46,2.1,12,197,214,0
2026-03-14,R05,신선대,냉동,300,259,30,33,3.5,18,259,300,0
2026-03-15,A01,신선대,일반,440,321,65,65,3.9,22,,,
2026-03-15,A02,신선대,일반,469,311,39,49,5.1,22,,,
2026-03-15,A03,신선대,일반,399,278,35,50,4.1,17,,,
2026-03-15,A04,신선대,일반,406,269,33,67,5.9,16,,,
2026-03-15,A05,신선대,일반,468,395,56,65,4.7,31,,,
2026-03-15,A06,신선대,일반,467,319,62,19,6.1,25,,,
2026-03-15,A07,신선대,일반,460,375,27,52,5.6,19,,,
2026-03-15,A08,신선대,일반,381,255,48,26,4.6,14,,,
2026-03-15,A09,신선대,일반,418,321,63,67,5.6,28,,,
2026-03-15,A10,신선대,일반,433,309,61,57,3.7,13,,,
2026-03-15,A11,신선대,빈컨테이너,464,201,57,72,5.3,17,,,
2026-03-15,A12,신선대,빈컨테이너,392,230,62,24,4.4,11,,,
2026-03-15,A13,신선대,위험물,464,312,48,27,4.2,28,,,
2026-03-15,A14,신선대,위험물,446,272,70,73,5.9,25,,,
2026-03-15,A15,신선대,위험물,414,305,65,73,4.7,11,,,
2026-03-15,B01,감만,일반,379,246,52,40,6.5,22,,,
2026-03-15,B02,감만,일반,377,249,77,50,6.9,7,,,
2026-03-15,B03,감만,일반,389,296,42,22,6.5,26,,,
2026-03-15,B04,감만,일반,317,220,64,52,4.9,11,,,
2026-03-15,B05,감만,일반,353,256,44,42,5.4,19,,,
2026-03-15,B06,감만,일반,406,302,32,50,4.8,28,,,
2026-03-15,B07,감만,일반,415,339,29,33,7.0,26,,,
2026-03-15,B08,감만,일반,313,211,24,56,3.6,16,,,
2026-03-15,B09,감만,빈컨테이너,365,190,47,23,3.3,14,,,
2026-03-15,B10,감만,빈컨테이너,392,197,49,72,5.4,14,,,
2026-03-15,R01,신선대,냉동,279,239,31,44,3.0,16,239,279,0
2026-03-15,R02,신선대,냉동,215,182,31,42,3.2,12,182,215,0
2026-03-15,R03,신선대,냉동,236,196,52,32,2.8,13,196,236,0
2026-03-15,R04,신선대,냉동,214,200,56,45,3.4,7,200,214,0
2026-03-15,R05,신선대,냉동,300,269,29,61,3.5,26,269,300,0
2026-03-16,A01,신선대,일반,440,354,49,48,3.8,32,,,
2026-03-16,A02,신선대,일반,469,313,50,55,6.1,30,,,
2026-03-16,A03,신선대,일반,399,265,60,49,6.3,13,,,
2026-03-16,A04,신선대,일반,406,268,41,49,6.2,16,,,
2026-03-16,A05,신선대,일반,468,352,50,51,6.1,20,,,
2026-03-16,A06,신선대,일반,467,393,71,33,4.5,12,,,
2026-03-16,A07,신선대,일반,460,383,67,34,6.0,26,,,
2026-03-16,A08,신선대,일반,381,252,50,52,4.1,8,,,
2026-03-16,A09,신선대,일반,418,354,71,62,5.7,17,,,
2026-03-16,A10,신선대,일반,433,288,52,19,6.5,14,,,
2026-03-16,A11,신선대,빈컨테이너,464,200,37,32,5.6,6,,,
2026-03-16,A12,신선대,빈컨테이너,392,167,31,73,4.8,6,,,
2026-03-16,A13,신선대,위험물,464,296,71,26,4.4,23,,,
2026-03-16,A14,신선대,위험물,446,288,71,48,6.5,15,,,
2026-03-16,A15,신선대,위험물,414,234,29,53,6.8,9,,,
2026-03-16,B01,감만,일반,379,283,46,64,4.8,21,,,
2026-03-16,B02,감만,일반,377,299,30,28,5.5,26,,,
2026-03-16,B03,감만,일반,389,257,36,63,6.4,8,,,
2026-03-16,B04,감만,일반,317,235,50,34,5.2,22,,,
2026-03-16,B05,감만,일반,353,294,34,39,5.9,16,,,
2026-03-16,B06,감만,일반,406,285,53,70,5.0,14,,,
2026-03-16,B07,감만,일반,415,335,44,58,4.6,22,,,
2026-03-16,B08,감만,일반,313,263,26,73,5.4,14,,,
2026-03-16,B09,감만,빈컨테이너,365,223,59,73,5.0,10,,,
2026-03-16,B10,감만,빈컨테이너,392,183,71,21,3.8,12,,,
2026-03-16,R01,신선대,냉동,279,241,63,62,2.5,18,241,279,0
2026-03-16,R02,신선대,냉동,215,187,63,59,4.0,9,187,215,0
2026-03-16,R03,신선대,냉동,236,216,20,41,2.2,8,216,236,0
2026-03-16,R04,신선대,냉동,214,177,38,31,2.4,5,177,214,1
2026-03-16,R05,신선대,냉동,300,279,60,22,3.4,10,279,300,0
2026-03-17,A01,신선대,일반,440,297,62,63,6.6,20,,,
2026-03-17,A02,신선대,일반,469,395,77,22,5.9,18,,,
2026-03-17,A03,신선대,일반,399,296,79,19,5.7,27,,,
2026-03-17,A04,신선대,일반,406,286,47,59,6.7,23,,,
2026-03-17,A05,신선대,일반,468,334,30,64,3.8,28,,,
2026-03-17,A06,신선대,일반,467,339,41,18,4.4,29,,,
2026-03-17,A07,신선대,일반,460,315,24,46,6.9,13,,,
2026-03-17,A08,신선대,일반,381,277,61,46,3.9,18,,,
2026-03-17,A09,신선대,일반,418,307,59,56,3.9,18,,,
2026-03-17,A10,신선대,일반,433,303,22,19,3.7,24,,,
2026-03-17,A11,신선대,빈컨테이너,464,275,21,72,4.5,20,,,
2026-03-17,A12,신선대,빈컨테이너,392,156,22,57,4.2,6,,,
2026-03-17,A13,신선대,위험물,464,285,45,51,3.5,22,,,
2026-03-17,A14,신선대,위험물,446,314,50,42,4.9,25,,,
2026-03-17,A15,신선대,위험물,414,294,24,49,4.3,16,,,
2026-03-17,B01,감만,일반,379,298,69,45,3.9,20,,,
2026-03-17,B02,감만,일반,377,319,41,58,4.6,10,,,
2026-03-17,B03,감만,일반,389,330,61,20,4.8,29,,,
2026-03-17,B04,감만,일반,317,227,73,44,6.2,11,,,
2026-03-17,B05,감만,일반,353,243,55,17,6.9,18,,,
2026-03-17,B06,감만,일반,406,288,44,72,3.9,22,,,
2026-03-17,B07,감만,일반,415,310,76,55,5.0,13,,,
2026-03-17,B08,감만,일반,313,205,21,61,7.0,9,,,
2026-03-17,B09,감만,빈컨테이너,365,181,70,49,4.9,11,,,
2026-03-17,B10,감만,빈컨테이너,392,251,71,43,5.9,7,,,
2026-03-17,R01,신선대,냉동,279,236,41,65,3.4,13,236,279,3
2026-03-17,R02,신선대,냉동,215,200,75,70,3.1,16,200,215,0
2026-03-17,R03,신선대,냉동,236,190,29,46,3.3,11,190,236,0
2026-03-17,R04,신선대,냉동,214,172,64,56,2.3,7,172,214,2
2026-03-17,R05,신선대,냉동,300,274,26,44,3.2,24,274,300,0
2026-03-18,A01,신선대,일반,440,296,58,66,5.7,10,,,
2026-03-18,A02,신선대,일반,469,323,41,66,6.4,26,,,
2026-03-18,A03,신선대,일반,399,291,27,58,5.5,11,,,
2026-03-18,A04,신선대,일반,406,331,70,28,6.2,23,,,
2026-03-18,A05,신선대,일반,468,335,27,32,4.0,19,,,
2026-03-18,A06,신선대,일반,467,368,55,25,5.0,34,,,
2026-03-18,A07,신선대,일반,460,302,26,65,6.5,22,,,
2026-03-18,A08,신선대,일반,381,306,21,71,5.2,9,,,
2026-03-18,A09,신선대,일반,418,286,25,60,5.8,26,,,
2026-03-18,A10,신선대,일반,433,317,71,65,6.2,24,,,
2026-03-18,A11,신선대,빈컨테이너,464,209,60,32,4.6,12,,,
2026-03-18,A12,신선대,빈컨테이너,392,248,59,59,3.1,10,,,
2026-03-18,A13,신선대,위험물,464,301,80,20,5.7,25,,,
2026-03-18,A14,신선대,위험물,446,276,20,50,4.3,10,,,
2026-03-18,A15,신선대,위험물,414,271,26,54,4.8,22,,,
2026-03-18,B01,감만,일반,379,287,34,44,6.2,21,,,
2026-03-18,B02,감만,일반,377,265,32,22,6.3,20,,,
2026-03-18,B03,감만,일반,389,328,50,46,4.1,25,,,
2026-03-18,B04,감만,일반,317,208,61,38,4.5,12,,,
2026-03-18,B05,감만,일반,353,253,71,71,6.2,8,,,
2026-03-18,B06,감만,일반,406,324,79,49,4.1,27,,,
2026-03-18,B07,감만,일반,415,310,27,19,6.6,24,,,
2026-03-18,B08,감만,일반,313,240,40,41,4.2,18,,,
2026-03-18,B09,감만,빈컨테이너,365,175,69,22,4.0,6,,,
2026-03-18,B10,감만,빈컨테이너,392,229,75,27,4.1,10,,,
2026-03-18,R01,신선대,냉동,279,241,51,18,3.8,9,241,279,0
2026-03-18,R02,신선대,냉동,215,185,44,38,2.3,14,185,215,0
2026-03-18,R03,신선대,냉동,236,221,32,36,2.3,17,221,236,1
2026-03-18,R04,신선대,냉동,214,174,49,44,2.8,14,174,214,2
2026-03-18,R05,신선대,냉동,300,265,70,65,3.3,19,265,300,1
2026-03-19,A01,신선대,일반,440,293,74,48,5.2,29,,,
2026-03-19,A02,신선대,일반,469,360,73,44,4.5,29,,,
2026-03-19,A03,신선대,일반,399,318,35,30,4.6,22,,,
2026-03-19,A04,신선대,일반,406,336,57,75,4.0,23,,,
2026-03-19,A05,신선대,일반,468,304,22,17,7.0,24,,,
2026-03-19,A06,신선대,일반,467,350,47,48,4.9,30,,,
2026-03-19,A07,신선대,일반,460,363,26,43,5.2,13,,,
2026-03-19,A08,신선대,일반,381,305,64,61,4.9,13,,,
2026-03-19,A09,신선대,일반,418,301,35,56,7.0,9,,,
2026-03-19,A10,신선대,일반,433,339,30,60,5.1,23,,,
2026-03-19,A11,신선대,빈컨테이너,464,253,49,44,5.3,23,,,
2026-03-19,A12,신선대,빈컨테이너,392,196,70,70,4.1,12,,,
2026-03-19,A13,신선대,위험물,464,313,75,55,3.7,28,,,
2026-03-19,A14,신선대,위험물,446,274,22,33,5.0,13,,,
2026-03-19,A15,신선대,위험물,414,306,54,51,6.3,26,,,
2026-03-19,B01,감만,일반,379,252,76,36,6.1,8,,,
2026-03-19,B02,감만,일반,377,316,63,38,6.6,11,,,
2026-03-19,B03,감만,일반,389,281,59,17,4.8,11,,,
2026-03-19,B04,감만,일반,317,241,24,50,6.0,10,,,
2026-03-19,B05,감만,일반,353,298,35,49,3.9,18,,,
2026-03-19,B06,감만,일반,406,340,57,70,6.9,15,,,
2026-03-19,B07,감만,일반,415,331,34,35,4.7,16,,,
2026-03-19,B08,감만,일반,313,246,37,18,3.7,13,,,
2026-03-19,B09,감만,빈컨테이너,365,190,53,68,3.4,15,,,
2026-03-19,B10,감만,빈컨테이너,392,223,54,72,3.9,16,,,
2026-03-19,R01,신선대,냉동,279,254,80,59,3.6,24,254,279,3
2026-03-19,R02,신선대,냉동,215,174,45,72,2.4,16,174,215,1
2026-03-19,R03,신선대,냉동,236,197,64,24,3.0,17,197,236,0
2026-03-19,R04,신선대,냉동,214,189,38,41,3.9,12,189,214,2
2026-03-19,R05,신선대,냉동,300,257,67,56,2.0,11,257,300,1
2026-03-20,A01,신선대,일반,440,330,53,56,4.7,23,,,
2026-03-20,A02,신선대,일반,469,336,70,35,5.2,25,,,
2026-03-20,A03,신선대,일반,399,277,55,43,5.1,19,,,
2026-03-20,A04,신선대,일반,406,309,39,25,6.3,14,,,
2026-03-20,A05,신선대,일반,468,312,38,64,6.5,12,,,
2026-03-20,A06,신선대,일반,467,304,30,54,6.7,24,,,
2026-03-20,A07,신선대,일반,460,299,31,68,6.0,27,,,
2026-03-20,A08,신선대,일반,381,283,30,30,3.9,28,,,
2026-03-20,A09,신선대,일반,418,294,48,31,4.8,13,,,
2026-03-20,A10,신선대,일반,433,314,62,35,6.9,12,,,
2026-03-20,A11,신선대,빈컨테이너,464,237,30,49,3.9,22,,,
2026-03-20,A12,신선대,빈컨테이너,392,196,51,64,3.4,12,,,
2026-03-20,A13,신선대,위험물,464,284,20,62,5.4,18,,,
2026-03-20,A14,신선대,위험물,446,303,38,45,6.6,29,,,
2026-03-20,A15,신선대,위험물,414,290,56,57,4.0,20,,,
2026-03-20,B01,감만,일반,379,289,48,36,5.9,23,,,
2026-03-20,B02,감만,일반,377,287,28,58,5.4,14,,,
2026-03-20,B03,감만,일반,389,261,73,29,5.1,9,,,
2026-03-20,B04,감만,일반,317,193,61,27,5.5,8,,,
2026-03-20,B05,감만,일반,353,271,37,27,3.6,18,,,
2026-03-20,B06,감만,일반,406,276,62,20,6.9,15,,,
2026-03-20,B07,감만,일반,415,285,58,53,5.3,9,,,
2026-03-20,B08,감만,일반,313,225,45,24,6.0,13,,,
2026-03-20,B09,감만,빈컨테이너,365,181,20,33,4.0,9,,,
2026-03-20,B10,감만,빈컨테이너,392,200,55,20,3.6,18,,,
2026-03-20,R01,신선대,냉동,279,244,46,66,2.9,10,244,279,0
2026-03-20,R02,신선대,냉동,215,194,66,72,2.8,17,194,215,0
2026-03-20,R03,신선대,냉동,236,182,39,45,4.0,12,182,236,0
2026-03-20,R04,신선대,냉동,214,194,57,63,2.8,5,194,214,0
2026-03-20,R05,신선대,냉동,300,238,31,50,2.9,16,238,300,0
2026-03-21,A01,신선대,일반,440,279,73,39,4.5,17,,,
2026-03-21,A02,신선대,일반,469,350,39,68,5.5,22,,,
2026-03-21,A03,신선대,일반,399,292,34,16,6.3,11,,,
2026-03-21,A04,신선대,일반,406,265,60,68,5.7,10,,,
2026-03-21,A05,신선대,일반,468,336,38,41,4.1,31,,,
2026-03-21,A06,신선대,일반,467,334,21,22,6.2,21,,,
2026-03-21,A07,신선대,일반,460,356,58,62,4.8,22,,,
2026-03-21,A08,신선대,일반,381,258,36,55,5.9,25,,,
2026-03-21,A09,신선대,일반,418,312,43,47,6.1,9,,,
2026-03-21,A10,신선대,일반,433,280,57,18,4.0,17,,,
2026-03-21,A11,신선대,빈컨테이너,464,266,42,25,3.2,14,,,
2026-03-21,A12,신선대,빈컨테이너,392,219,42,18,3.9,14,,,
2026-03-21,A13,신선대,위험물,464,342,52,27,6.2,14,,,
2026-03-21,A14,신선대,위험물,446,253,68,25,5.4,23,,,
2026-03-21,A15,신선대,위험물,414,296,63,66,4.6,23,,,
2026-03-21,B01,감만,일반,379,274,26,49,5.5,24,,,
2026-03-21,B02,감만,일반,377,227,53,33,4.8,14,,,
2026-03-21,B03,감만,일반,389,257,78,25,3.9,10,,,
2026-03-21,B04,감만,일반,317,202,32,65,6.6,14,,,
2026-03-21,B05,감만,일반,353,264,53,69,5.4,18,,,
2026-03-21,B06,감만,일반,406,298,27,41,5.1,10,,,
2026-03-21,B07,감만,일반,415,310,79,16,5.2,16,,,
2026-03-21,B08,감만,일반,313,208,72,43,6.6,14,,,
2026-03-21,B09,감만,빈컨테이너,365,215,41,26,5.1,6,,,
2026-03-21,B10,감만,빈컨테이너,392,236,34,23,5.6,9,,,
2026-03-21,R01,신선대,냉동,279,219,28,28,2.3,7,219,279,0
2026-03-21,R02,신선대,냉동,215,189,24,16,3.5,15,189,215,0
2026-03-21,R03,신선대,냉동,236,178,62,47,3.2,11,178,236,0
2026-03-21,R04,신선대,냉동,214,162,39,57,2.0,5,162,214,1
2026-03-21,R05,신선대,냉동,300,254,32,26,3.3,8,254,300,2
2026-03-22,A01,신선대,일반,440,339,42,37,4.1,22,,,
2026-03-22,A02,신선대,일반,469,342,35,47,5.5,12,,,
2026-03-22,A03,신선대,일반,399,280,20,48,4.3,12,,,
2026-03-22,A04,신선대,일반,406,264,77,63,5.4,25,,,
2026-03-22,A05,신선대,일반,468,289,33,73,5.3,22,,,
2026-03-22,A06,신선대,일반,467,311,57,26,5.0,30,,,
2026-03-22,A07,신선대,일반,460,290,42,39,5.0,19,,,
2026-03-22,A08,신선대,일반,381,256,68,35,3.9,9,,,
2026-03-22,A09,신선대,일반,418,261,68,38,6.0,18,,,
2026-03-22,A10,신선대,일반,433,262,40,46,3.9,13,,,
2026-03-22,A11,신선대,빈컨테이너,464,255,39,58,5.9,15,,,
2026-03-22,A12,신선대,빈컨테이너,392,211,38,69,4.3,18,,,
2026-03-22,A13,신선대,위험물,464,338,71,45,6.8,18,,,
2026-03-22,A14,신선대,위험물,446,246,63,46,5.9,14,,,
2026-03-22,A15,신선대,위험물,414,270,63,20,3.9,15,,,
2026-03-22,B01,감만,일반,379,274,26,62,6.7,26,,,
2026-03-22,B02,감만,일반,377,230,32,36,4.2,20,,,
2026-03-22,B03,감만,일반,389,261,34,68,5.0,16,,,
2026-03-22,B04,감만,일반,317,233,69,52,5.6,19,,,
2026-03-22,B05,감만,일반,353,262,80,40,4.7,20,,,
2026-03-22,B06,감만,일반,406,313,51,47,4.5,26,,,
2026-03-22,B07,감만,일반,415,257,36,46,5.2,19,,,
2026-03-22,B08,감만,일반,313,195,26,62,3.7,6,,,
2026-03-22,B09,감만,빈컨테이너,365,207,31,39,4.8,10,,,
2026-03-22,B10,감만,빈컨테이너,392,186,59,21,5.3,14,,,
2026-03-22,R01,신선대,냉동,279,233,51,65,2.9,11,233,279,0
2026-03-22,R02,신선대,냉동,215,179,54,36,3.6,12,179,215,0
2026-03-22,R03,신선대,냉동,236,216,76,73,2.2,13,216,236,0
2026-03-22,R04,신선대,냉동,214,176,22,17,2.4,13,176,214,0
2026-03-22,R05,신선대,냉동,300,270,30,46,2.9,14,270,300,0
2026-03-23,A01,신선대,일반,440,324,56,58,5.2,22,,,
2026-03-23,A02,신선대,일반,469,326,50,45,5.5,13,,,
2026-03-23,A03,신선대,일반,399,243,36,46,5.6,13,,,
2026-03-23,A04,신선대,일반,406,293,69,33,4.6,9,,,
2026-03-23,A05,신선대,일반,468,284,73,38,4.7,23,,,
2026-03-23,A06,신선대,일반,467,282,77,55,4.7,10,,,
2026-03-23,A07,신선대,일반,460,304,42,41,4.7,23,,,
2026-03-23,A08,신선대,일반,381,245,61,34,5.6,22,,,
2026-03-23,A09,신선대,일반,418,255,39,22,4.7,8,,,
2026-03-23,A10,신선대,일반,433,285,49,57,6.5,19,,,
2026-03-23,A11,신선대,빈컨테이너,464,290,37,16,5.1,20,,,
2026-03-23,A12,신선대,빈컨테이너,392,253,44,51,4.2,17,,,
2026-03-23,A13,신선대,위험물,464,330,26,59,5.9,17,,,
2026-03-23,A14,신선대,위험물,446,290,68,57,4.7,21,,,
2026-03-23,A15,신선대,위험물,414,257,47,27,5.2,22,,,
2026-03-23,B01,감만,일반,379,281,73,69,5.4,14,,,
2026-03-23,B02,감만,일반,377,229,56,40,6.3,16,,,
2026-03-23,B03,감만,일반,389,300,65,69,5.5,21,,,
2026-03-23,B04,감만,일반,317,205,56,66,5.4,12,,,
2026-03-23,B05,감만,일반,353,233,24,56,6.4,15,,,
2026-03-23,B06,감만,일반,406,265,62,49,4.6,15,,,
2026-03-23,B07,감만,일반,415,267,52,44,5.9,18,,,
2026-03-23,B08,감만,일반,313,237,60,60,5.3,10,,,
2026-03-23,B09,감만,빈컨테이너,365,191,62,67,5.2,11,,,
2026-03-23,B10,감만,빈컨테이너,392,248,54,66,4.8,20,,,
2026-03-23,R01,신선대,냉동,279,229,56,61,3.3,15,229,279,0
2026-03-23,R02,신선대,냉동,215,166,29,62,3.4,8,166,215,0
2026-03-23,R03,신선대,냉동,236,189,73,73,2.1,8,189,236,0
2026-03-23,R04,신선대,냉동,214,190,61,25,2.5,13,190,214,0
2026-03-23,R05,신선대,냉동,300,230,32,16,2.5,20,230,300,0
2026-03-24,A01,신선대,일반,440,308,47,42,5.8,10,,,
2026-03-24,A02,신선대,일반,469,294,28,16,4.4,25,,,
2026-03-24,A03,신선대,일반,399,286,31,56,6.5,27,,,
2026-03-24,A04,신선대,일반,406,279,21,18,6.5,10,,,
2026-03-24,A05,신선대,일반,468,331,75,19,6.7,19,,,
2026-03-24,A06,신선대,일반,467,310,62,71,3.8,29,,,
2026-03-24,A07,신선대,일반,460,335,28,30,3.9,27,,,
2026-03-24,A08,신선대,일반,381,292,53,57,6.4,28,,,
2026-03-24,A09,신선대,일반,418,320,36,46,6.6,14,,,
2026-03-24,A10,신선대,일반,433,269,71,35,4.7,19,,,
2026-03-24,A11,신선대,빈컨테이너,464,230,67,62,3.7,13,,,
2026-03-24,A12,신선대,빈컨테이너,392,170,31,28,5.9,10,,,
2026-03-24,A13,신선대,위험물,464,278,57,18,5.2,15,,,
2026-03-24,A14,신선대,위험물,446,329,40,49,5.0,25,,,
2026-03-24,A15,신선대,위험물,414,307,76,65,6.8,17,,,
2026-03-24,B01,감만,일반,379,276,72,34,3.6,26,,,
2026-03-24,B02,감만,일반,377,267,73,62,5.8,25,,,
2026-03-24,B03,감만,일반,389,281,70,57,4.3,19,,,
2026-03-24,B04,감만,일반,317,207,64,38,6.7,16,,,
2026-03-24,B05,감만,일반,353,245,35,69,5.0,7,,,
2026-03-24,B06,감만,일반,406,313,79,73,4.4,11,,,
2026-03-24,B07,감만,일반,415,310,35,34,4.2,28,,,
2026-03-24,B08,감만,일반,313,239,60,35,6.6,19,,,
2026-03-24,B09,감만,빈컨테이너,365,183,22,32,5.6,16,,,
2026-03-24,B10,감만,빈컨테이너,392,248,50,62,4.2,22,,,
2026-03-24,R01,신선대,냉동,279,243,76,73,3.6,21,243,279,0
2026-03-24,R02,신선대,냉동,215,179,42,41,3.2,15,179,215,0
2026-03-24,R03,신선대,냉동,236,195,21,63,2.1,14,195,236,0
2026-03-24,R04,신선대,냉동,214,189,28,15,2.8,13,189,214,0
2026-03-24,R05,신선대,냉동,300,229,30,30,3.0,22,229,300,0
2026-03-25,A01,신선대,일반,440,324,74,53,5.9,27,,,
2026-03-25,A02,신선대,일반,469,308,50,70,6.1,14,,,
2026-03-25,A03,신선대,일반,399,288,72,35,6.3,12,,,
2026-03-25,A04,신선대,일반,406,273,31,40,6.6,26,,,
2026-03-25,A05,신선대,일반,468,355,34,16,6.8,33,,,
2026-03-25,A06,신선대,일반,467,334,60,29,6.7,32,,,
2026-03-25,A07,신선대,일반,460,292,64,69,4.1,16,,,
2026-03-25,A08,신선대,일반,381,258,36,24,3.8,14,,,
2026-03-25,A09,신선대,일반,418,322,27,15,6.0,19,,,
2026-03-25,A10,신선대,일반,433,331,49,67,5.9,12,,,
2026-03-25,A11,신선대,빈컨테이너,464,268,32,75,5.6,22,,,
2026-03-25,A12,신선대,빈컨테이너,392,185,51,39,3.4,16,,,
2026-03-25,A13,신선대,위험물,464,310,72,33,6.0,13,,,
2026-03-25,A14,신선대,위험물,446,261,70,24,3.6,25,,,
2026-03-25,A15,신선대,위험물,414,247,48,73,4.4,17,,,
2026-03-25,B01,감만,일반,379,271,25,15,5.1,24,,,
2026-03-25,B02,감만,일반,377,292,45,58,4.2,16,,,
2026-03-25,B03,감만,일반,389,263,58,31,3.8,18,,,
2026-03-25,B04,감만,일반,317,193,79,30,5.1,10,,,
2026-03-25,B05,감만,일반,353,250,62,66,5.6,20,,,
2026-03-25,B06,감만,일반,406,246,36,47,5.7,12,,,
2026-03-25,B07,감만,일반,415,278,43,23,6.9,19,,,
2026-03-25,B08,감만,일반,313,220,36,25,5.3,20,,,
2026-03-25,B09,감만,빈컨테이너,365,226,28,20,4.0,15,,,
2026-03-25,B10,감만,빈컨테이너,392,170,27,35,3.1,6,,,
2026-03-25,R01,신선대,냉동,279,250,73,32,3.5,23,250,279,0
2026-03-25,R02,신선대,냉동,215,193,59,68,3.5,9,193,215,0
2026-03-25,R03,신선대,냉동,236,212,40,62,4.0,17,212,236,3
2026-03-25,R04,신선대,냉동,214,162,29,18,2.5,5,162,214,0
2026-03-25,R05,신선대,냉동,300,261,47,22,4.0,24,261,300,2
2026-03-26,A01,신선대,일반,440,342,55,46,5.1,12,,,
2026-03-26,A02,신선대,일반,469,342,29,22,4.7,15,,,
2026-03-26,A03,신선대,일반,399,259,73,25,6.1,22,,,
2026-03-26,A04,신선대,일반,406,284,62,52,4.2,28,,,
2026-03-26,A05,신선대,일반,468,281,69,51,4.1,26,,,
2026-03-26,A06,신선대,일반,467,300,51,58,3.8,15,,,
2026-03-26,A07,신선대,일반,460,299,63,22,4.9,21,,,
2026-03-26,A08,신선대,일반,381,293,73,35,4.0,10,,,
2026-03-26,A09,신선대,일반,418,313,62,45,5.1,30,,,
2026-03-26,A10,신선대,일반,433,306,20,36,6.9,23,,,
2026-03-26,A11,신선대,빈컨테이너,464,295,40,75,5.2,24,,,
2026-03-26,A12,신선대,빈컨테이너,392,250,56,23,3.6,8,,,
2026-03-26,A13,신선대,위험물,464,314,40,66,3.7,10,,,
2026-03-26,A14,신선대,위험물,446,330,44,20,4.9,14,,,
2026-03-26,A15,신선대,위험물,414,307,75,40,3.8,27,,,
2026-03-26,B01,감만,일반,379,238,69,40,4.5,19,,,
2026-03-26,B02,감만,일반,377,270,27,34,5.2,16,,,
2026-03-26,B03,감만,일반,389,289,39,72,5.9,11,,,
2026-03-26,B04,감만,일반,317,228,73,38,5.3,14,,,
2026-03-26,B05,감만,일반,353,268,50,32,5.5,15,,,
2026-03-26,B06,감만,일반,406,298,71,38,5.6,17,,,
2026-03-26,B07,감만,일반,415,280,22,47,4.7,17,,,
2026-03-26,B08,감만,일반,313,200,63,60,4.0,12,,,
2026-03-26,B09,감만,빈컨테이너,365,203,53,20,3.9,12,,,
2026-03-26,B10,감만,빈컨테이너,392,245,50,34,3.4,9,,,
2026-03-26,R01,신선대,냉동,279,252,73,30,3.0,12,252,279,0
2026-03-26,R02,신선대,냉동,215,194,52,21,3.0,11,194,215,0
2026-03-26,R03,신선대,냉동,236,205,72,31,2.7,14,205,236,0
2026-03-26,R04,신선대,냉동,214,161,67,57,2.9,13,161,214,0
2026-03-26,R05,신선대,냉동,300,227,46,71,3.4,11,227,300,0
2026-03-27,A01,신선대,일반,440,323,48,54,6.3,17,,,
2026-03-27,A02,신선대,일반,469,358,71,26,4.2,12,,,
2026-03-27,A03,신선대,일반,399,309,36,70,5.9,18,,,
2026-03-27,A04,신선대,일반,406,244,45,22,3.5,18,,,
2026-03-27,A05,신선대,일반,468,319,45,70,5.8,26,,,
2026-03-27,A06,신선대,일반,467,341,39,54,6.3,24,,,
2026-03-27,A07,신선대,일반,460,333,64,58,4.9,17,,,
2026-03-27,A08,신선대,일반,381,237,20,27,3.9,7,,,
2026-03-27,A09,신선대,일반,418,323,74,16,4.2,24,,,
2026-03-27,A10,신선대,일반,433,310,47,68,5.7,26,,,
2026-03-27,A11,신선대,빈컨테이너,464,207,39,64,4.4,13,,,
2026-03-27,A12,신선대,빈컨테이너,392,158,30,72,3.5,12,,,
2026-03-27,A13,신선대,위험물,464,344,50,16,6.5,24,,,
2026-03-27,A14,신선대,위험물,446,263,56,68,6.4,8,,,
2026-03-27,A15,신선대,위험물,414,228,60,69,6.0,22,,,
2026-03-27,B01,감만,일반,379,285,67,52,5.6,19,,,
2026-03-27,B02,감만,일반,377,245,51,40,5.2,17,,,
2026-03-27,B03,감만,일반,389,276,63,72,6.4,17,,,
2026-03-27,B04,감만,일반,317,230,53,16,5.0,11,,,
2026-03-27,B05,감만,일반,353,215,77,56,5.0,13,,,
2026-03-27,B06,감만,일반,406,279,80,56,4.7,21,,,
2026-03-27,B07,감만,일반,415,250,38,61,4.2,13,,,
2026-03-27,B08,감만,일반,313,200,34,52,6.7,10,,,
2026-03-27,B09,감만,빈컨테이너,365,200,73,60,5.0,7,,,
2026-03-27,B10,감만,빈컨테이너,392,185,65,39,5.9,16,,,
2026-03-27,R01,신선대,냉동,279,241,67,38,3.6,20,241,279,0
2026-03-27,R02,신선대,냉동,215,183,38,59,3.5,14,183,215,1
2026-03-27,R03,신선대,냉동,236,183,51,21,3.6,17,183,236,0
2026-03-27,R04,신선대,냉동,214,169,55,18,4.0,9,169,214,0
2026-03-27,R05,신선대,냉동,300,259,31,67,3.7,16,259,300,0
2026-03-28,A01,신선대,일반,440,290,27,54,4.3,20,,,
2026-03-28,A02,신선대,일반,469,322,41,65,4.7,10,,,
2026-03-28,A03,신선대,일반,399,302,37,72,4.0,23,,,
2026-03-28,A04,신선대,일반,406,281,62,21,6.0,26,,,
2026-03-28,A05,신선대,일반,468,317,49,68,6.1,31,,,
2026-03-28,A06,신선대,일반,467,345,59,65,6.5,12,,,
2026-03-28,A07,신선대,일반,460,322,52,21,4.1,12,,,
2026-03-28,A08,신선대,일반,381,242,43,25,6.0,19,,,
2026-03-28,A09,신선대,일반,418,308,51,61,6.5,12,,,
2026-03-28,A10,신선대,일반,433,288,72,23,3.9,12,,,
2026-03-28,A11,신선대,빈컨테이너,464,298,69,64,3.0,26,,,
2026-03-28,A12,신선대,빈컨테이너,392,203,38,47,3.5,9,,,
2026-03-28,A13,신선대,위험물,464,321,46,38,5.7,15,,,
2026-03-28,A14,신선대,위험물,446,312,53,41,6.3,12,,,
2026-03-28,A15,신선대,위험물,414,263,78,41,6.6,25,,,
2026-03-28,B01,감만,일반,379,262,63,38,6.8,15,,,
2026-03-28,B02,감만,일반,377,278,65,66,5.3,9,,,
2026-03-28,B03,감만,일반,389,257,45,64,4.1,8,,,
2026-03-28,B04,감만,일반,317,233,62,74,5.7,21,,,
2026-03-28,B05,감만,일반,353,215,60,60,6.3,19,,,
2026-03-28,B06,감만,일반,406,314,46,40,6.6,24,,,
2026-03-28,B07,감만,일반,415,314,66,62,4.6,16,,,
2026-03-28,B08,감만,일반,313,234,77,48,5.6,9,,,
2026-03-28,B09,감만,빈컨테이너,365,182,61,28,5.7,13,,,
2026-03-28,B10,감만,빈컨테이너,392,217,48,59,4.0,18,,,
2026-03-28,R01,신선대,냉동,279,240,69,27,3.8,8,240,279,0
2026-03-28,R02,신선대,냉동,215,175,66,62,3.8,11,175,215,0
2026-03-28,R03,신선대,냉동,236,185,52,50,2.6,9,185,236,0
2026-03-28,R04,신선대,냉동,214,161,76,65,3.1,7,161,214,0
2026-03-28,R05,신선대,냉동,300,240,47,47,2.2,8,240,300,0
2026-03-29,A01,신선대,일반,440,313,42,22,3.7,23,,,
2026-03-29,A02,신선대,일반,469,291,39,51,6.1,17,,,
2026-03-29,A03,신선대,일반,399,309,71,62,7.0,21,,,
2026-03-29,A04,신선대,일반,406,308,60,57,5.4,22,,,
2026-03-29,A05,신선대,일반,468,310,38,57,6.2,24,,,
2026-03-29,A06,신선대,일반,467,336,65,39,5.3,15,,,
2026-03-29,A07,신선대,일반,460,303,57,27,6.4,16,,,
2026-03-29,A08,신선대,일반,381,235,65,42,6.4,8,,,
2026-03-29,A09,신선대,일반,418,255,76,23,5.2,15,,,
2026-03-29,A10,신선대,일반,433,288,53,40,5.6,19,,,
2026-03-29,A11,신선대,빈컨테이너,464,231,36,52,4.5,13,,,
2026-03-29,A12,신선대,빈컨테이너,392,199,79,75,4.5,19,,,
2026-03-29,A13,신선대,위험물,464,331,29,47,3.9,26,,,
2026-03-29,A14,신선대,위험물,446,256,65,47,6.5,9,,,
2026-03-29,A15,신선대,위험물,414,245,50,17,6.1,23,,,
2026-03-29,B01,감만,일반,379,252,80,22,5.6,14,,,
2026-03-29,B02,감만,일반,377,234,56,33,3.6,9,,,
2026-03-29,B03,감만,일반,389,259,43,34,4.5,8,,,
2026-03-29,B04,감만,일반,317,198,70,52,5.0,18,,,
2026-03-29,B05,감만,일반,353,231,38,28,4.1,18,,,
2026-03-29,B06,감만,일반,406,243,55,37,3.7,8,,,
2026-03-29,B07,감만,일반,415,284,39,51,5.1,15,,,
2026-03-29,B08,감만,일반,313,209,73,61,6.4,8,,,
2026-03-29,B09,감만,빈컨테이너,365,158,60,44,5.3,12,,,
2026-03-29,B10,감만,빈컨테이너,392,171,66,35,3.3,12,,,
2026-03-29,R01,신선대,냉동,279,238,44,29,3.8,12,238,279,3
2026-03-29,R02,신선대,냉동,215,188,61,20,3.7,14,188,215,0
2026-03-29,R03,신선대,냉동,236,208,65,34,3.1,8,208,236,0
2026-03-29,R04,신선대,냉동,214,167,59,49,3.2,5,167,214,0
2026-03-29,R05,신선대,냉동,300,234,50,47,3.8,8,234,300,0
2026-03-30,A01,신선대,일반,440,278,21,32,6.3,13,,,
2026-03-30,A02,신선대,일반,469,340,76,52,5.1,29,,,
2026-03-30,A03,신선대,일반,399,282,45,52,3.7,25,,,
2026-03-30,A04,신선대,일반,406,245,47,26,5.0,22,,,
2026-03-30,A05,신선대,일반,468,307,36,20,3.9,11,,,
2026-03-30,A06,신선대,일반,467,294,29,26,4.4,10,,,
2026-03-30,A07,신선대,일반,460,301,46,58,4.1,21,,,
2026-03-30,A08,신선대,일반,381,250,21,60,3.7,14,,,
2026-03-30,A09,신선대,일반,418,274,46,72,4.6,15,,,
2026-03-30,A10,신선대,일반,433,324,27,18,4.2,26,,,
2026-03-30,A11,신선대,빈컨테이너,464,253,51,47,5.3,14,,,
2026-03-30,A12,신선대,빈컨테이너,392,168,23,35,4.4,9,,,
2026-03-30,A13,신선대,위험물,464,300,46,55,4.3,27,,,
2026-03-30,A14,신선대,위험물,446,269,57,58,3.9,22,,,
2026-03-30,A15,신선대,위험물,414,281,28,34,5.5,17,,,
2026-03-30,B01,감만,일반,379,285,52,28,6.2,11,,,
2026-03-30,B02,감만,일반,377,262,30,65,4.4,25,,,
2026-03-30,B03,감만,일반,389,300,55,43,3.6,26,,,
2026-03-30,B04,감만,일반,317,245,59,33,5.8,10,,,
2026-03-30,B05,감만,일반,353,215,78,45,4.5,10,,,
2026-03-30,B06,감만,일반,406,293,42,68,5.7,20,,,
2026-03-30,B07,감만,일반,415,287,22,25,6.1,19,,,
2026-03-30,B08,감만,일반,313,204,45,59,3.9,8,,,
2026-03-30,B09,감만,빈컨테이너,365,196,37,71,4.3,14,,,
2026-03-30,B10,감만,빈컨테이너,392,250,40,71,5.0,13,,,
2026-03-30,R01,신선대,냉동,279,221,68,60,2.9,10,221,279,0
2026-03-30,R02,신선대,냉동,215,173,49,53,2.7,16,173,215,0
2026-03-30,R03,신선대,냉동,236,201,20,72,2.0,8,201,236,0
2026-03-30,R04,신선대,냉동,214,185,51,63,2.8,6,185,214,0
2026-03-30,R05,신선대,냉동,300,258,54,16,3.8,22,258,300,0
2026-03-31,A01,신선대,일반,440,273,72,39,6.4,15,,,
2026-03-31,A02,신선대,일반,469,296,69,66,5.9,9,,,
2026-03-31,A03,신선대,일반,399,272,79,27,5.1,12,,,
2026-03-31,A04,신선대,일반,406,245,37,58,6.7,13,,,
2026-03-31,A05,신선대,일반,468,288,59,55,4.6,23,,,
2026-03-31,A06,신선대,일반,467,299,51,38,3.6,19,,,
2026-03-31,A07,신선대,일반,460,334,58,28,3.5,33,,,
2026-03-31,A08,신선대,일반,381,272,27,70,4.5,17,,,
2026-03-31,A09,신선대,일반,418,263,32,57,6.1,20,,,
2026-03-31,A10,신선대,일반,433,306,31,19,5.6,25,,,
2026-03-31,A11,신선대,빈컨테이너,464,200,79,51,5.6,18,,,
2026-03-31,A12,신선대,빈컨테이너,392,228,37,27,5.5,7,,,
2026-03-31,A13,신선대,위험물,464,345,63,49,5.7,26,,,
2026-03-31,A14,신선대,위험물,446,324,20,75,5.0,24,,,
2026-03-31,A15,신선대,위험물,414,281,74,75,4.6,25,,,
2026-03-31,B01,감만,일반,379,255,27,58,5.3,16,,,
2026-03-31,B02,감만,일반,377,261,22,71,6.0,8,,,
2026-03-31,B03,감만,일반,389,297,54,43,4.6,17,,,
2026-03-31,B04,감만,일반,317,209,76,51,6.3,20,,,
2026-03-31,B05,감만,일반,353,226,64,42,6.9,21,,,
2026-03-31,B06,감만,일반,406,257,41,34,3.7,18,,,
2026-03-31,B07,감만,일반,415,251,47,66,3.6,21,,,
2026-03-31,B08,감만,일반,313,240,73,31,4.4,15,,,
2026-03-31,B09,감만,빈컨테이너,365,233,73,18,5.5,15,,,
2026-03-31,B10,감만,빈컨테이너,392,180,24,64,4.8,10,,,
2026-03-31,R01,신선대,냉동,279,213,48,52,2.2,20,213,279,0
2026-03-31,R02,신선대,냉동,215,175,76,69,3.4,14,175,215,3
2026-03-31,R03,신선대,냉동,236,179,59,55,2.9,6,179,236,0
2026-03-31,R04,신선대,냉동,214,171,44,40,2.2,14,171,214,0
2026-03-31,R05,신선대,냉동,300,248,49,65,2.9,18,248,300,0
